project_id,month_end,planned_m,earned_m,actual_m
HI-001,2026-07-31,0.2899,,
HI-001,2026-08-31,0.3655,,
HI-001,2026-09-30,0.5992,,
HI-001,2026-10-31,0.6616,,
HI-001,2026-11-30,0.7851,,
HI-001,2026-12-31,0.9067,,
HI-001,2027-01-31,0.8149,,
HI-001,2027-02-28,0.9101,,
HI-001,2027-03-31,1.1244,,
HI-001,2027-04-30,1.0433,,
HI-001,2027-05-31,1.2829,,
HI-001,2027-06-30,1.4452,,
HI-001,2027-07-31,1.4769,,
HI-001,2027-08-31,1.5146,,
HI-001,2027-09-30,1.3029,,
HI-001,2027-10-31,1.4223,,
HI-001,2027-11-30,1.7591,,
HI-001,2027-12-31,1.4103,,
HI-001,2028-01-31,1.6152,,
HI-001,2028-02-29,1.3834,,
HI-001,2028-03-31,1.7996,,
HI-001,2028-04-30,1.4168,,
HI-001,2028-05-31,1.5026,,
HI-001,2028-06-30,1.5293,,
HI-001,2028-07-31,1.5593,,
HI-001,2028-08-31,1.5954,,
HI-001,2028-09-30,1.4452,,
HI-001,2028-10-31,1.2225,,
HI-001,2028-11-30,1.0524,,
HI-001,2028-12-31,1.1944,,
HI-001,2029-01-31,1.1841,,
HI-001,2029-02-28,0.8077,,
HI-001,2029-03-31,0.9173,,
HI-001,2029-04-30,0.6741,,
HI-001,2029-05-31,0.635,,
HI-001,2029-06-30,0.5401,,
HI-001,2029-07-31,0.4434,,
HI-001,2029-08-31,0.3671,,
HI-002,2025-04-30,0.2185,0.2472,0.2586
HI-002,2025-05-31,0.2663,0.3014,0.3216
HI-002,2025-06-30,0.3652,0.4118,0.4372
HI-002,2025-07-31,0.406,0.4435,0.4761
HI-002,2025-08-31,0.4632,0.5159,0.5542
HI-002,2025-09-30,0.5176,0.5719,0.5983
HI-002,2025-10-31,0.5996,0.672,0.7184
HI-002,2025-11-30,0.6162,0.7116,0.7687
HI-002,2025-12-31,0.6599,0.711,0.7646
HI-002,2026-01-31,0.6865,0.7521,0.8065
HI-002,2026-02-28,0.8011,0.8862,0.9361
HI-002,2026-03-31,0.8066,0.9002,0.9588
HI-002,2026-04-30,0.9907,1.1238,1.2021
HI-002,2026-05-31,1.0323,1.1695,1.2384
HI-002,2026-06-30,0.9196,1.0417,1.1014
HI-002,2026-07-31,1.025,,
HI-002,2026-08-31,1.1309,,
HI-002,2026-09-30,0.9799,,
HI-002,2026-10-31,1.0486,,
HI-002,2026-11-30,1.0169,,
HI-002,2026-12-31,1.0781,,
HI-002,2027-01-31,1.1643,,
HI-002,2027-02-28,0.8997,,
HI-002,2027-03-31,1.1278,,
HI-002,2027-04-30,1.0127,,
HI-002,2027-05-31,1.0177,,
HI-002,2027-06-30,0.9362,,
HI-002,2027-07-31,0.9555,,
HI-002,2027-08-31,0.7732,,
HI-002,2027-09-30,0.8153,,
HI-002,2027-10-31,0.6646,,
HI-002,2027-11-30,0.6612,,
HI-002,2027-12-31,0.6335,,
HI-002,2028-01-31,0.491,,
HI-002,2028-02-29,0.413,,
HI-002,2028-03-31,0.4458,,
HI-002,2028-04-30,0.3749,,
HI-002,2028-05-31,0.2889,,
HI-002,2028-06-30,0.1958,,
HI-003,2027-01-31,0.1647,,
HI-003,2027-02-28,0.2435,,
HI-003,2027-03-31,0.338,,
HI-003,2027-04-30,0.354,,
HI-003,2027-05-31,0.4911,,
HI-003,2027-06-30,0.5152,,
HI-003,2027-07-31,0.6046,,
HI-003,2027-08-31,0.594,,
HI-003,2027-09-30,0.7605,,
HI-003,2027-10-31,0.8509,,
HI-003,2027-11-30,0.7503,,
HI-003,2027-12-31,0.702,,
HI-003,2028-01-31,0.8251,,
HI-003,2028-02-29,0.6968,,
HI-003,2028-03-31,0.8504,,
HI-003,2028-04-30,0.6441,,
HI-003,2028-05-31,0.6528,,
HI-003,2028-06-30,0.6251,,
HI-003,2028-07-31,0.4979,,
HI-003,2028-08-31,0.4645,,
HI-003,2028-09-30,0.386,,
HI-003,2028-10-31,0.353,,
HI-003,2028-11-30,0.2825,,
HI-003,2028-12-31,0.153,,
HI-004,2025-03-31,0.1753,0.1703,0.1846
HI-004,2025-04-30,0.256,0.26,0.2782
HI-004,2025-05-31,0.4177,0.4068,0.4304
HI-004,2025-06-30,0.5089,0.5076,0.5464
HI-004,2025-07-31,0.5779,0.581,0.6201
HI-004,2025-08-31,0.7646,0.7604,0.826
HI-004,2025-09-30,0.8129,0.7959,0.8479
HI-004,2025-10-31,0.7065,0.6884,0.7498
HI-004,2025-11-30,0.7558,0.7237,0.7679
HI-004,2025-12-31,0.8697,0.8515,0.9088
HI-004,2026-01-31,0.8687,0.8736,0.9543
HI-004,2026-02-28,0.7207,0.7329,0.8014
HI-004,2026-03-31,0.6859,0.6815,0.726
HI-004,2026-04-30,0.5949,0.5993,0.6524
HI-004,2026-05-31,0.4374,0.438,0.4762
HI-004,2026-06-30,0.2994,0.3018,0.323
HI-004,2026-07-31,0.1477,,
HI-005,2024-01-31,0.0892,0.0903,0.1054
HI-005,2024-02-29,0.148,0.1469,0.1708
HI-005,2024-03-31,0.1973,0.1948,0.2226
HI-005,2024-04-30,0.2498,0.2479,0.2815
HI-005,2024-05-31,0.2811,0.2745,0.3131
HI-005,2024-06-30,0.3548,0.3657,0.4175
HI-005,2024-07-31,0.3733,0.3623,0.4238
HI-005,2024-08-31,0.4016,0.3868,0.4529
HI-005,2024-09-30,0.4674,0.4767,0.5512
HI-005,2024-10-31,0.4458,0.4397,0.4992
HI-005,2024-11-30,0.4335,0.4165,0.4711
HI-005,2024-12-31,0.4451,0.4362,0.4995
HI-005,2025-01-31,0.3256,0.3339,0.3843
HI-005,2025-02-28,0.3142,0.3239,0.3756
HI-005,2025-03-31,0.2313,0.2229,0.2568
HI-005,2025-04-30,0.2008,0.1937,0.2186
HI-005,2025-05-31,0.1671,0.1716,0.196
HI-005,2025-06-30,0.0743,0.0719,0.0813
HI-006,2024-08-31,0.064,0.0571,0.0544
HI-006,2024-09-30,0.1143,0.1032,0.1013
HI-006,2024-10-31,0.1429,0.1342,0.1312
HI-006,2024-11-30,0.2277,0.213,0.2039
HI-006,2024-12-31,0.2342,0.2138,0.2057
HI-006,2025-01-31,0.3055,0.2767,0.266
HI-006,2025-02-28,0.2989,0.2812,0.2666
HI-006,2025-03-31,0.3093,0.2798,0.2696
HI-006,2025-04-30,0.2961,0.2765,0.2682
HI-006,2025-05-31,0.2967,0.2782,0.264
HI-006,2025-06-30,0.2898,0.2601,0.2489
HI-006,2025-07-31,0.233,0.2108,0.2054
HI-006,2025-08-31,0.1458,0.1396,0.1356
HI-006,2025-09-30,0.1155,0.1024,0.098
HI-006,2025-10-31,0.0563,0.0531,0.0521
HI-007,2027-06-30,0.163,,
HI-007,2027-07-31,0.2337,,
HI-007,2027-08-31,0.3152,,
HI-007,2027-09-30,0.4275,,
HI-007,2027-10-31,0.5412,,
HI-007,2027-11-30,0.5319,,
HI-007,2027-12-31,0.5641,,
HI-007,2028-01-31,0.5755,,
HI-007,2028-02-29,0.6429,,
HI-007,2028-03-31,0.8354,,
HI-007,2028-04-30,0.8083,,
HI-007,2028-05-31,0.9073,,
HI-007,2028-06-30,0.6888,,
HI-007,2028-07-31,0.7478,,
HI-007,2028-08-31,0.8229,,
HI-007,2028-09-30,0.7562,,
HI-007,2028-10-31,0.5884,,
HI-007,2028-11-30,0.6034,,
HI-007,2028-12-31,0.5816,,
HI-007,2029-01-31,0.5153,,
HI-007,2029-02-28,0.4051,,
HI-007,2029-03-31,0.2987,,
HI-007,2029-04-30,0.279,,
HI-007,2029-05-31,0.1569,,
HI-008,2025-06-30,0.1292,0.1373,0.1387
HI-008,2025-07-31,0.2317,0.2483,0.2503
HI-008,2025-08-31,0.2901,0.3187,0.3291
HI-008,2025-09-30,0.3904,0.411,0.411
HI-008,2025-10-31,0.4351,0.4791,0.4844
HI-008,2025-11-30,0.5067,0.548,0.5666
HI-008,2025-12-31,0.5409,0.5915,0.6117
HI-008,2026-01-31,0.5911,0.6307,0.6517
HI-008,2026-02-28,0.5626,0.599,0.6048
HI-008,2026-03-31,0.5355,0.571,0.5783
HI-008,2026-04-30,0.5483,0.5981,0.6178
HI-008,2026-05-31,0.363,0.3766,0.3787
HI-008,2026-06-30,0.2924,0.3093,0.3149
HI-008,2026-07-31,0.2505,,
HI-008,2026-08-31,0.1226,,
HI-009,2026-05-31,0.0831,0.0896,0.0942
HI-009,2026-06-30,0.1565,0.1774,0.1844
HI-009,2026-07-31,0.228,,
HI-009,2026-08-31,0.2731,,
HI-009,2026-09-30,0.3178,,
HI-009,2026-10-31,0.3134,,
HI-009,2026-11-30,0.3446,,
HI-009,2026-12-31,0.3111,,
HI-009,2027-01-31,0.3941,,
HI-009,2027-02-28,0.314,,
HI-009,2027-03-31,0.2637,,
HI-009,2027-04-30,0.2413,,
HI-009,2027-05-31,0.1894,,
HI-009,2027-06-30,0.1475,,
HI-009,2027-07-31,0.0623,,
HI-010,2024-09-30,0.0468,0.0473,0.0438
HI-010,2024-10-31,0.0825,0.0853,0.0794
HI-010,2024-11-30,0.1463,0.1462,0.1377
HI-010,2024-12-31,0.1811,0.1857,0.1726
HI-010,2025-01-31,0.1982,0.2064,0.1941
HI-010,2025-02-28,0.1958,0.2061,0.1943
HI-010,2025-03-31,0.2091,0.217,0.2039
HI-010,2025-04-30,0.2203,0.2194,0.206
HI-010,2025-05-31,0.207,0.2078,0.1916
HI-010,2025-06-30,0.1714,0.1702,0.1578
HI-010,2025-07-31,0.1633,0.1608,0.1506
HI-010,2025-08-31,0.1295,0.1352,0.1273
HI-010,2025-09-30,0.0843,0.0837,0.0784
HI-010,2025-10-31,0.0444,0.0467,0.0427
HI-011,2027-05-31,0.1037,,
HI-011,2027-06-30,0.1801,,
HI-011,2027-07-31,0.2674,,
HI-011,2027-08-31,0.309,,
HI-011,2027-09-30,0.4127,,
HI-011,2027-10-31,0.4425,,
HI-011,2027-11-30,0.5337,,
HI-011,2027-12-31,0.5487,,
HI-011,2028-01-31,0.5957,,
HI-011,2028-02-29,0.5277,,
HI-011,2028-03-31,0.5992,,
HI-011,2028-04-30,0.5819,,
HI-011,2028-05-31,0.5439,,
HI-011,2028-06-30,0.4041,,
HI-011,2028-07-31,0.4625,,
HI-011,2028-08-31,0.3506,,
HI-011,2028-09-30,0.252,,
HI-011,2028-10-31,0.1897,,
HI-011,2028-11-30,0.1148,,
HI-012,2026-11-30,0.0929,,
HI-012,2026-12-31,0.1672,,
HI-012,2027-01-31,0.2455,,
HI-012,2027-02-28,0.3237,,
HI-012,2027-03-31,0.43,,
HI-012,2027-04-30,0.4298,,
HI-012,2027-05-31,0.3958,,
HI-012,2027-06-30,0.4527,,
HI-012,2027-07-31,0.3988,,
HI-012,2027-08-31,0.3386,,
HI-012,2027-09-30,0.3858,,
HI-012,2027-10-31,0.2478,,
HI-012,2027-11-30,0.1829,,
HI-012,2027-12-31,0.0885,,
HI-013,2024-02-29,0.0507,0.0508,0.0483
HI-013,2024-03-31,0.1334,0.1324,0.1245
HI-013,2024-04-30,0.1984,0.2042,0.1888
HI-013,2024-05-31,0.2029,0.1995,0.1865
HI-013,2024-06-30,0.2547,0.2653,0.2473
HI-013,2024-07-31,0.2737,0.2643,0.2483
HI-013,2024-08-31,0.2633,0.2669,0.2481
HI-013,2024-09-30,0.2983,0.307,0.2858
HI-013,2024-10-31,0.2832,0.2884,0.2681
HI-013,2024-11-30,0.2414,0.2492,0.2321
HI-013,2024-12-31,0.1847,0.1885,0.1801
HI-013,2025-01-31,0.1018,0.1,0.0927
HI-013,2025-02-28,0.0537,0.0542,0.0511
HI-014,2026-01-31,0.0906,0.0888,0.0868
HI-014,2026-02-28,0.176,0.1767,0.176
HI-014,2026-03-31,0.2282,0.2323,0.2264
HI-014,2026-04-30,0.2936,0.2895,0.282
HI-014,2026-05-31,0.3478,0.3371,0.3355
HI-014,2026-06-30,0.3891,0.3719,0.3593
HI-014,2026-07-31,0.4161,,
HI-014,2026-08-31,0.4033,,
HI-014,2026-09-30,0.4279,,
HI-014,2026-10-31,0.4173,,
HI-014,2026-11-30,0.3958,,
HI-014,2026-12-31,0.4279,,
HI-014,2027-01-31,0.3087,,
HI-014,2027-02-28,0.2679,,
HI-014,2027-03-31,0.2326,,
HI-014,2027-04-30,0.1532,,
HI-014,2027-05-31,0.0841,,
HI-015,2026-04-30,0.2303,0.2472,0.2442
HI-015,2026-05-31,0.3433,0.3533,0.3511
HI-015,2026-06-30,0.4174,0.4444,0.4326
HI-015,2026-07-31,0.6287,,
HI-015,2026-08-31,0.641,,
HI-015,2026-09-30,0.7763,,
HI-015,2026-10-31,0.7377,,
HI-015,2026-11-30,1.0242,,
HI-015,2026-12-31,0.8638,,
HI-015,2027-01-31,0.9986,,
HI-015,2027-02-28,1.1919,,
HI-015,2027-03-31,1.2363,,
HI-015,2027-04-30,1.2313,,
HI-015,2027-05-31,1.1979,,
HI-015,2027-06-30,0.9828,,
HI-015,2027-07-31,0.8865,,
HI-015,2027-08-31,0.9664,,
HI-015,2027-09-30,0.7966,,
HI-015,2027-10-31,0.9571,,
HI-015,2027-11-30,0.6432,,
HI-015,2027-12-31,0.6244,,
HI-015,2028-01-31,0.5064,,
HI-015,2028-02-29,0.3818,,
HI-015,2028-03-31,0.3342,,
HI-015,2028-04-30,0.1917,,
HI-016,2024-03-31,0.0487,0.0467,0.047
HI-016,2024-04-30,0.1013,0.0918,0.0911
HI-016,2024-05-31,0.137,0.1257,0.1296
HI-016,2024-06-30,0.1613,0.1464,0.1478
HI-016,2024-07-31,0.2204,0.2125,0.2107
HI-016,2024-08-31,0.2429,0.222,0.2273
HI-016,2024-09-30,0.2103,0.1891,0.1944
HI-016,2024-10-31,0.1878,0.1791,0.1785
HI-016,2024-11-30,0.2185,0.2045,0.2072
HI-016,2024-12-31,0.1771,0.1671,0.1676
HI-016,2025-01-31,0.1216,0.1119,0.112
HI-016,2025-02-28,0.0915,0.0836,0.0834
HI-016,2025-03-31,0.0415,0.0398,0.0409
HI-017,2026-10-31,0.0822,,
HI-017,2026-11-30,0.1616,,
HI-017,2026-12-31,0.2165,,
HI-017,2027-01-31,0.2582,,
HI-017,2027-02-28,0.3136,,
HI-017,2027-03-31,0.4229,,
HI-017,2027-04-30,0.3836,,
HI-017,2027-05-31,0.4323,,
HI-017,2027-06-30,0.4862,,
HI-017,2027-07-31,0.3967,,
HI-017,2027-08-31,0.4401,,
HI-017,2027-09-30,0.3281,,
HI-017,2027-10-31,0.3514,,
HI-017,2027-11-30,0.3018,,
HI-017,2027-12-31,0.2391,,
HI-017,2028-01-31,0.1745,,
HI-017,2028-02-29,0.0912,,
HI-018,2024-05-31,0.084,0.0861,0.0937
HI-018,2024-06-30,0.1257,0.1277,0.1389
HI-018,2024-07-31,0.1943,0.2043,0.2191
HI-018,2024-08-31,0.2252,0.2388,0.2553
HI-018,2024-09-30,0.2555,0.2679,0.2894
HI-018,2024-10-31,0.3221,0.3266,0.3513
HI-018,2024-11-30,0.3764,0.3902,0.4197
HI-018,2024-12-31,0.3964,0.3948,0.4324
HI-018,2025-01-31,0.3129,0.3336,0.3517
HI-018,2025-02-28,0.3999,0.4257,0.4579
HI-018,2025-03-31,0.3032,0.3024,0.3289
HI-018,2025-04-30,0.2738,0.2799,0.3032
HI-018,2025-05-31,0.2709,0.2857,0.3074
HI-018,2025-06-30,0.2159,0.214,0.2328
HI-018,2025-07-31,0.1442,0.1505,0.1643
HI-018,2025-08-31,0.0698,0.0704,0.0765
HI-019,2027-02-28,0.0864,,
HI-019,2027-03-31,0.1514,,
HI-019,2027-04-30,0.227,,
HI-019,2027-05-31,0.2828,,
HI-019,2027-06-30,0.2956,,
HI-019,2027-07-31,0.3477,,
HI-019,2027-08-31,0.3691,,
HI-019,2027-09-30,0.3337,,
HI-019,2027-10-31,0.3747,,
HI-019,2027-11-30,0.2911,,
HI-019,2027-12-31,0.238,,
HI-019,2028-01-31,0.148,,
HI-019,2028-02-29,0.0745,,
HI-020,2024-11-30,0.0774,0.0807,0.0833
HI-020,2024-12-31,0.1347,0.1344,0.1366
HI-020,2025-01-31,0.2024,0.213,0.2198
HI-020,2025-02-28,0.2454,0.2562,0.2611
HI-020,2025-03-31,0.3019,0.3088,0.3144
HI-020,2025-04-30,0.3705,0.3841,0.3962
HI-020,2025-05-31,0.3278,0.3471,0.3557
HI-020,2025-06-30,0.3616,0.3858,0.3849
HI-020,2025-07-31,0.3721,0.3923,0.3977
HI-020,2025-08-31,0.29,0.3053,0.3075
HI-020,2025-09-30,0.3379,0.3479,0.3577
HI-020,2025-10-31,0.2512,0.2496,0.2513
HI-020,2025-11-30,0.1817,0.1873,0.1929
HI-020,2025-12-31,0.1465,0.1484,0.1527
HI-020,2026-01-31,0.0787,0.0796,0.0802
HI-021,2025-04-30,0.0506,0.0435,0.0543
HI-021,2025-05-31,0.102,0.0865,0.1088
HI-021,2025-06-30,0.1587,0.1298,0.165
HI-021,2025-07-31,0.2027,0.174,0.2157
HI-021,2025-08-31,0.1978,0.1634,0.208
HI-021,2025-09-30,0.2536,0.2206,0.2815
HI-021,2025-10-31,0.2577,0.217,0.2715
HI-021,2025-11-30,0.2392,0.2005,0.249
HI-021,2025-12-31,0.2557,0.2153,0.2679
HI-021,2026-01-31,0.2394,0.1961,0.2455
HI-021,2026-02-28,0.1809,0.147,0.1846
HI-021,2026-03-31,0.1602,0.137,0.1734
HI-021,2026-04-30,0.0866,0.0757,0.0967
HI-021,2026-05-31,0.0448,0.0382,0.0488
HI-022,2026-01-31,0.04,0.0396,0.0406
HI-022,2026-02-28,0.0901,0.0877,0.0876
HI-022,2026-03-31,0.114,0.116,0.1178
HI-022,2026-04-30,0.1568,0.162,0.1624
HI-022,2026-05-31,0.2076,0.2051,0.2095
HI-022,2026-06-30,0.2035,0.1996,0.1975
HI-022,2026-07-31,0.2036,,
HI-022,2026-08-31,0.2147,,
HI-022,2026-09-30,0.1712,,
HI-022,2026-10-31,0.1711,,
HI-022,2026-11-30,0.1043,,
HI-022,2026-12-31,0.0762,,
HI-022,2027-01-31,0.0367,,
HI-023,2027-03-31,0.0942,,
HI-023,2027-04-30,0.1872,,
HI-023,2027-05-31,0.3048,,
HI-023,2027-06-30,0.3669,,
HI-023,2027-07-31,0.4148,,
HI-023,2027-08-31,0.4602,,
HI-023,2027-09-30,0.5207,,
HI-023,2027-10-31,0.5293,,
HI-023,2027-11-30,0.4849,,
HI-023,2027-12-31,0.432,,
HI-023,2028-01-31,0.4163,,
HI-023,2028-02-29,0.4415,,
HI-023,2028-03-31,0.3572,,
HI-023,2028-04-30,0.2931,,
HI-023,2028-05-31,0.162,,
HI-023,2028-06-30,0.1148,,
HI-024,2025-04-30,0.0813,0.0899,0.092
HI-024,2025-05-31,0.1861,0.1936,0.2052
HI-024,2025-06-30,0.2479,0.2642,0.2747
HI-024,2025-07-31,0.3123,0.3301,0.3391
HI-024,2025-08-31,0.3964,0.4256,0.4475
HI-024,2025-09-30,0.4147,0.4322,0.4553
HI-024,2025-10-31,0.4411,0.496,0.5168
HI-024,2025-11-30,0.3761,0.4023,0.4138
HI-024,2025-12-31,0.4122,0.4347,0.4486
HI-024,2026-01-31,0.3463,0.3852,0.3925
HI-024,2026-02-28,0.2687,0.2974,0.3113
HI-024,2026-03-31,0.2145,0.2232,0.228
HI-024,2026-04-30,0.164,0.1808,0.1893
HI-024,2026-05-31,0.0783,0.0835,0.088
HI-025,2024-03-31,0.1079,0.0966,0.0988
HI-025,2024-04-30,0.1917,0.1694,0.1741
HI-025,2024-05-31,0.2403,0.2189,0.2286
HI-025,2024-06-30,0.3582,0.3122,0.3258
HI-025,2024-07-31,0.3579,0.3366,0.3435
HI-025,2024-08-31,0.4212,0.388,0.4036
HI-025,2024-09-30,0.555,0.5083,0.5175
HI-025,2024-10-31,0.5511,0.5037,0.5249
HI-025,2024-11-30,0.6044,0.5298,0.5435
HI-025,2024-12-31,0.6307,0.5489,0.5714
HI-025,2025-01-31,0.6081,0.5626,0.5671
HI-025,2025-02-28,0.5242,0.4837,0.5004
HI-025,2025-03-31,0.5839,0.5126,0.5268
HI-025,2025-04-30,0.4547,0.4178,0.4261
HI-025,2025-05-31,0.4338,0.3927,0.4109
HI-025,2025-06-30,0.4022,0.3679,0.3778
HI-025,2025-07-31,0.3035,0.2651,0.2681
HI-025,2025-08-31,0.2396,0.2229,0.2311
HI-025,2025-09-30,0.2049,0.1904,0.1961
HI-025,2025-10-31,0.1268,0.1154,0.1186
HI-026,2024-06-30,0.1788,0.1736,0.1958
HI-026,2024-07-31,0.2207,0.216,0.2441
HI-026,2024-08-31,0.2971,0.2942,0.3392
HI-026,2024-09-30,0.3577,0.3452,0.3971
HI-026,2024-10-31,0.4432,0.4239,0.4856
HI-026,2024-11-30,0.441,0.4076,0.4717
HI-026,2024-12-31,0.4615,0.4504,0.5039
HI-026,2025-01-31,0.518,0.4835,0.5504
HI-026,2025-02-28,0.5779,0.5624,0.6294
HI-026,2025-03-31,0.7568,0.7478,0.8435
HI-026,2025-04-30,0.7696,0.7624,0.8742
HI-026,2025-05-31,0.813,0.7739,0.8736
HI-026,2025-06-30,0.7712,0.7112,0.794
HI-026,2025-07-31,0.7103,0.6839,0.7848
HI-026,2025-08-31,0.8138,0.8008,0.9041
HI-026,2025-09-30,0.9225,0.91,1.0245
HI-026,2025-10-31,0.8375,0.8262,0.9535
HI-026,2025-11-30,0.8649,0.8015,0.9228
HI-026,2025-12-31,0.7913,0.7664,0.877
HI-026,2026-01-31,0.7217,0.7066,0.8032
HI-026,2026-02-28,0.8141,0.7763,0.8764
HI-026,2026-03-31,0.7529,0.7384,0.8516
HI-026,2026-04-30,0.6891,0.6389,0.7331
HI-026,2026-05-31,0.634,0.5933,0.665
HI-026,2026-06-30,0.6771,0.6296,0.7168
HI-026,2026-07-31,0.5586,,
HI-026,2026-08-31,0.5505,,
HI-026,2026-09-30,0.4473,,
HI-026,2026-10-31,0.4549,,
HI-026,2026-11-30,0.3474,,
HI-026,2026-12-31,0.2955,,
HI-026,2027-01-31,0.2623,,
HI-026,2027-02-28,0.178,,
HI-027,2026-09-30,0.1128,,
HI-027,2026-10-31,0.1812,,
HI-027,2026-11-30,0.2375,,
HI-027,2026-12-31,0.3222,,
HI-027,2027-01-31,0.438,,
HI-027,2027-02-28,0.396,,
HI-027,2027-03-31,0.509,,
HI-027,2027-04-30,0.5682,,
HI-027,2027-05-31,0.5018,,
HI-027,2027-06-30,0.561,,
HI-027,2027-07-31,0.6775,,
HI-027,2027-08-31,0.6866,,
HI-027,2027-09-30,0.6412,,
HI-027,2027-10-31,0.4966,,
HI-027,2027-11-30,0.5522,,
HI-027,2027-12-31,0.4556,,
HI-027,2028-01-31,0.3647,,
HI-027,2028-02-29,0.3381,,
HI-027,2028-03-31,0.3043,,
HI-027,2028-04-30,0.2186,,
HI-027,2028-05-31,0.1168,,
HI-028,2025-04-30,0.0442,0.0509,0.0489
HI-028,2025-05-31,0.1159,0.1312,0.1301
HI-028,2025-06-30,0.1747,0.1928,0.1897
HI-028,2025-07-31,0.1952,0.2123,0.2095
HI-028,2025-08-31,0.2082,0.2353,0.2329
HI-028,2025-09-30,0.2504,0.2783,0.278
HI-028,2025-10-31,0.2691,0.308,0.3028
HI-028,2025-11-30,0.2459,0.2774,0.2695
HI-028,2025-12-31,0.2168,0.2497,0.2462
HI-028,2026-01-31,0.1799,0.2063,0.2006
HI-028,2026-02-28,0.1432,0.1654,0.1596
HI-028,2026-03-31,0.0895,0.0997,0.0963
HI-028,2026-04-30,0.0471,0.0511,0.0506
HI-029,2025-05-31,0.0961,0.0948,0.0955
HI-029,2025-06-30,0.1733,0.174,0.1769
HI-029,2025-07-31,0.2243,0.2261,0.2277
HI-029,2025-08-31,0.3439,0.3382,0.3407
HI-029,2025-09-30,0.324,0.3259,0.3344
HI-029,2025-10-31,0.4024,0.3875,0.404
HI-029,2025-11-30,0.5182,0.5173,0.526
HI-029,2025-12-31,0.5327,0.5391,0.5491
HI-029,2026-01-31,0.5633,0.5739,0.5827
HI-029,2026-02-28,0.6278,0.6417,0.6453
HI-029,2026-03-31,0.4736,0.4747,0.4819
HI-029,2026-04-30,0.5742,0.5616,0.5779
HI-029,2026-05-31,0.57,0.5405,0.5471
HI-029,2026-06-30,0.542,0.5164,0.5336
HI-029,2026-07-31,0.4982,,
HI-029,2026-08-31,0.3688,,
HI-029,2026-09-30,0.3241,,
HI-029,2026-10-31,0.3367,,
HI-029,2026-11-30,0.2554,,
HI-029,2026-12-31,0.1669,,
HI-029,2027-01-31,0.0942,,
HI-030,2026-06-30,0.1471,0.149,0.1402
HI-030,2026-07-31,0.2134,,
HI-030,2026-08-31,0.2525,,
HI-030,2026-09-30,0.293,,
HI-030,2026-10-31,0.4172,,
HI-030,2026-11-30,0.4194,,
HI-030,2026-12-31,0.4872,,
HI-030,2027-01-31,0.5431,,
HI-030,2027-02-28,0.6084,,
HI-030,2027-03-31,0.5531,,
HI-030,2027-04-30,0.5529,,
HI-030,2027-05-31,0.6607,,
HI-030,2027-06-30,0.629,,
HI-030,2027-07-31,0.6209,,
HI-030,2027-08-31,0.8428,,
HI-030,2027-09-30,0.797,,
HI-030,2027-10-31,0.7629,,
HI-030,2027-11-30,0.7073,,
HI-030,2027-12-31,0.8632,,
HI-030,2028-01-31,0.8106,,
HI-030,2028-02-29,0.7222,,
HI-030,2028-03-31,0.9087,,
HI-030,2028-04-30,0.8889,,
HI-030,2028-05-31,0.8662,,
HI-030,2028-06-30,0.8219,,
HI-030,2028-07-31,0.7321,,
HI-030,2028-08-31,0.6563,,
HI-030,2028-09-30,0.6976,,
HI-030,2028-10-31,0.5667,,
HI-030,2028-11-30,0.6163,,
HI-030,2028-12-31,0.4827,,
HI-030,2029-01-31,0.437,,
HI-030,2029-02-28,0.4963,,
HI-030,2029-03-31,0.3987,,
HI-030,2029-04-30,0.3909,,
HI-030,2029-05-31,0.3449,,
HI-030,2029-06-30,0.293,,
HI-030,2029-07-31,0.221,,
HI-030,2029-08-31,0.1772,,
HI-031,2025-07-31,0.163,0.1713,0.156
HI-031,2025-08-31,0.2238,0.2187,0.1985
HI-031,2025-09-30,0.343,0.3436,0.312
HI-031,2025-10-31,0.4537,0.4517,0.4005
HI-031,2025-11-30,0.5162,0.5024,0.4485
HI-031,2025-12-31,0.5691,0.5925,0.5417
HI-031,2026-01-31,0.7606,0.781,0.71
HI-031,2026-02-28,0.615,0.6071,0.5433
HI-031,2026-03-31,0.6588,0.688,0.6313
HI-031,2026-04-30,0.7732,0.7789,0.7088
HI-031,2026-05-31,0.6272,0.6568,0.6029
HI-031,2026-06-30,0.5845,0.5818,0.5269
HI-031,2026-07-31,0.6359,,
HI-031,2026-08-31,0.5064,,
HI-031,2026-09-30,0.363,,
HI-031,2026-10-31,0.231,,
HI-031,2026-11-30,0.1356,,
HI-032,2024-02-29,0.0515,0.0566,0.0616
HI-032,2024-03-31,0.1032,0.1158,0.1257
HI-032,2024-04-30,0.1506,0.163,0.1725
HI-032,2024-05-31,0.1817,0.204,0.2204
HI-032,2024-06-30,0.1958,0.2194,0.2334
HI-032,2024-07-31,0.2729,0.2923,0.3091
HI-032,2024-08-31,0.2805,0.3148,0.342
HI-032,2024-09-30,0.292,0.3149,0.3415
HI-032,2024-10-31,0.2264,0.2444,0.2606
HI-032,2024-11-30,0.2107,0.2309,0.2439
HI-032,2024-12-31,0.2003,0.2143,0.2268
HI-032,2025-01-31,0.1723,0.1842,0.197
HI-032,2025-02-28,0.1034,0.1091,0.1179
HI-032,2025-03-31,0.0485,0.0515,0.0549
HI-033,2027-03-31,0.2178,,
HI-033,2027-04-30,0.2615,,
HI-033,2027-05-31,0.3668,,
HI-033,2027-06-30,0.4677,,
HI-033,2027-07-31,0.5465,,
HI-033,2027-08-31,0.6867,,
HI-033,2027-09-30,0.7448,,
HI-033,2027-10-31,0.6674,,
HI-033,2027-11-30,0.8958,,
HI-033,2027-12-31,0.8825,,
HI-033,2028-01-31,0.967,,
HI-033,2028-02-29,0.8612,,
HI-033,2028-03-31,0.984,,
HI-033,2028-04-30,1.0787,,
HI-033,2028-05-31,1.1271,,
HI-033,2028-06-30,1.139,,
HI-033,2028-07-31,0.9548,,
HI-033,2028-08-31,1.138,,
HI-033,2028-09-30,1.0386,,
HI-033,2028-10-31,1.0426,,
HI-033,2028-11-30,1.0601,,
HI-033,2028-12-31,0.8919,,
HI-033,2029-01-31,0.979,,
HI-033,2029-02-28,0.9076,,
HI-033,2029-03-31,0.8226,,
HI-033,2029-04-30,0.6614,,
HI-033,2029-05-31,0.6195,,
HI-033,2029-06-30,0.4856,,
HI-033,2029-07-31,0.4947,,
HI-033,2029-08-31,0.4213,,
HI-033,2029-09-30,0.2635,,
HI-033,2029-10-31,0.2242,,
HI-034,2027-01-31,0.0708,,
HI-034,2027-02-28,0.1128,,
HI-034,2027-03-31,0.2153,,
HI-034,2027-04-30,0.243,,
HI-034,2027-05-31,0.2674,,
HI-034,2027-06-30,0.2726,,
HI-034,2027-07-31,0.3609,,
HI-034,2027-08-31,0.3165,,
HI-034,2027-09-30,0.3186,,
HI-034,2027-10-31,0.261,,
HI-034,2027-11-30,0.2523,,
HI-034,2027-12-31,0.1855,,
HI-034,2028-01-31,0.1431,,
HI-034,2028-02-29,0.0703,,
HI-035,2026-03-31,0.0744,0.0771,0.0686
HI-035,2026-04-30,0.1264,0.1297,0.1167
HI-035,2026-05-31,0.1734,0.1814,0.1666
HI-035,2026-06-30,0.2839,0.2965,0.2708
HI-035,2026-07-31,0.3386,,
HI-035,2026-08-31,0.345,,
HI-035,2026-09-30,0.3907,,
HI-035,2026-10-31,0.3683,,
HI-035,2026-11-30,0.3412,,
HI-035,2026-12-31,0.2922,,
HI-035,2027-01-31,0.2438,,
HI-035,2027-02-28,0.1988,,
HI-035,2027-03-31,0.1252,,
HI-035,2027-04-30,0.0683,,
HI-036,2027-06-30,0.0598,,
HI-036,2027-07-31,0.1049,,
HI-036,2027-08-31,0.1592,,
HI-036,2027-09-30,0.233,,
HI-036,2027-10-31,0.2814,,
HI-036,2027-11-30,0.2479,,
HI-036,2027-12-31,0.2452,,
HI-036,2028-01-31,0.3272,,
HI-036,2028-02-29,0.3037,,
HI-036,2028-03-31,0.2562,,
HI-036,2028-04-30,0.2313,,
HI-036,2028-05-31,0.17,,
HI-036,2028-06-30,0.1269,,
HI-036,2028-07-31,0.0534,,
HI-037,2024-02-29,0.1714,0.1632,0.1702
HI-037,2024-03-31,0.2598,0.2482,0.2634
HI-037,2024-04-30,0.292,0.2867,0.3086
HI-037,2024-05-31,0.4149,0.416,0.4494
HI-037,2024-06-30,0.4252,0.4273,0.4523
HI-037,2024-07-31,0.5558,0.5264,0.5684
HI-037,2024-08-31,0.6374,0.608,0.6479
HI-037,2024-09-30,0.6262,0.5991,0.6433
HI-037,2024-10-31,0.7942,0.7558,0.799
HI-037,2024-11-30,0.7674,0.7315,0.7869
HI-037,2024-12-31,0.838,0.8248,0.8793
HI-037,2025-01-31,0.6945,0.6671,0.6983
HI-037,2025-02-28,0.7401,0.7422,0.7954
HI-037,2025-03-31,0.9106,0.9045,0.9782
HI-037,2025-04-30,0.983,0.963,1.0081
HI-037,2025-05-31,0.905,0.8901,0.9359
HI-037,2025-06-30,0.9751,0.9517,1.0076
HI-037,2025-07-31,0.743,0.7281,0.7852
HI-037,2025-08-31,0.9358,0.935,0.9882
HI-037,2025-09-30,0.903,0.9028,0.9712
HI-037,2025-10-31,0.8082,0.8052,0.8557
HI-037,2025-11-30,0.7227,0.7272,0.7709
HI-037,2025-12-31,0.735,0.694,0.7293
HI-037,2026-01-31,0.5916,0.5841,0.6164
HI-037,2026-02-28,0.6135,0.5944,0.6279
HI-037,2026-03-31,0.5534,0.5262,0.549
HI-037,2026-04-30,0.4634,0.4355,0.465
HI-037,2026-05-31,0.3617,0.3477,0.3681
HI-037,2026-06-30,0.2716,0.274,0.292
HI-037,2026-07-31,0.2246,,
HI-037,2026-08-31,0.1918,,
HI-038,2026-11-30,0.0985,,
HI-038,2026-12-31,0.1731,,
HI-038,2027-01-31,0.2591,,
HI-038,2027-02-28,0.2526,,
HI-038,2027-03-31,0.333,,
HI-038,2027-04-30,0.4424,,
HI-038,2027-05-31,0.4186,,
HI-038,2027-06-30,0.5033,,
HI-038,2027-07-31,0.408,,
HI-038,2027-08-31,0.3851,,
HI-038,2027-09-30,0.4733,,
HI-038,2027-10-31,0.3795,,
HI-038,2027-11-30,0.3459,,
HI-038,2027-12-31,0.3284,,
HI-038,2028-01-31,0.2089,,
HI-038,2028-02-29,0.183,,
HI-038,2028-03-31,0.0873,,
HI-039,2026-08-31,0.0904,,
HI-039,2026-09-30,0.1492,,
HI-039,2026-10-31,0.226,,
HI-039,2026-11-30,0.2811,,
HI-039,2026-12-31,0.3771,,
HI-039,2027-01-31,0.3335,,
HI-039,2027-02-28,0.367,,
HI-039,2027-03-31,0.4084,,
HI-039,2027-04-30,0.4919,,
HI-039,2027-05-31,0.5286,,
HI-039,2027-06-30,0.4845,,
HI-039,2027-07-31,0.4931,,
HI-039,2027-08-31,0.4754,,
HI-039,2027-09-30,0.3638,,
HI-039,2027-10-31,0.3561,,
HI-039,2027-11-30,0.3884,,
HI-039,2027-12-31,0.2695,,
HI-039,2028-01-31,0.2548,,
HI-039,2028-02-29,0.1617,,
HI-039,2028-03-31,0.0896,,
HI-040,2024-04-30,0.0387,0.0398,0.039
HI-040,2024-05-31,0.0846,0.0848,0.0836
HI-040,2024-06-30,0.129,0.1348,0.1321
HI-040,2024-07-31,0.1708,0.1671,0.1617
HI-040,2024-08-31,0.1996,0.2082,0.2038
HI-040,2024-09-30,0.2242,0.22,0.2178
HI-040,2024-10-31,0.2254,0.2344,0.2321
HI-040,2024-11-30,0.19,0.1869,0.1837
HI-040,2024-12-31,0.1886,0.1873,0.1812
HI-040,2025-01-31,0.198,0.2079,0.2047
HI-040,2025-02-28,0.117,0.1149,0.1151
HI-040,2025-03-31,0.099,0.104,0.1039
HI-040,2025-04-30,0.0451,0.0448,0.0436
HI-041,2027-04-30,0.0933,,
HI-041,2027-05-31,0.1739,,
HI-041,2027-06-30,0.2709,,
HI-041,2027-07-31,0.3539,,
HI-041,2027-08-31,0.4133,,
HI-041,2027-09-30,0.3939,,
HI-041,2027-10-31,0.4564,,
HI-041,2027-11-30,0.4091,,
HI-041,2027-12-31,0.4637,,
HI-041,2028-01-31,0.3877,,
HI-041,2028-02-29,0.3653,,
HI-041,2028-03-31,0.3262,,
HI-041,2028-04-30,0.2919,,
HI-041,2028-05-31,0.2294,,
HI-041,2028-06-30,0.1801,,
HI-041,2028-07-31,0.0808,,
HI-042,2025-12-31,0.0787,0.0901,0.0932
HI-042,2026-01-31,0.1826,0.2127,0.2168
HI-042,2026-02-28,0.268,0.3027,0.3129
HI-042,2026-03-31,0.3461,0.403,0.4107
HI-042,2026-04-30,0.4078,0.4829,0.497
HI-042,2026-05-31,0.4432,0.5292,0.5441
HI-042,2026-06-30,0.4501,0.5341,0.5467
HI-042,2026-07-31,0.4752,,
HI-042,2026-08-31,0.3695,,
HI-042,2026-09-30,0.3495,,
HI-042,2026-10-31,0.3492,,
HI-042,2026-11-30,0.2313,,
HI-042,2026-12-31,0.1761,,
HI-042,2027-01-31,0.0827,,
HI-043,2026-07-31,0.1399,,
HI-043,2026-08-31,0.2242,,
HI-043,2026-09-30,0.24,,
HI-043,2026-10-31,0.3387,,
HI-043,2026-11-30,0.4179,,
HI-043,2026-12-31,0.4023,,
HI-043,2027-01-31,0.5611,,
HI-043,2027-02-28,0.598,,
HI-043,2027-03-31,0.6774,,
HI-043,2027-04-30,0.6035,,
HI-043,2027-05-31,0.641,,
HI-043,2027-06-30,0.7379,,
HI-043,2027-07-31,0.6393,,
HI-043,2027-08-31,0.7119,,
HI-043,2027-09-30,0.6128,,
HI-043,2027-10-31,0.5698,,
HI-043,2027-11-30,0.5241,,
HI-043,2027-12-31,0.4719,,
HI-043,2028-01-31,0.4543,,
HI-043,2028-02-29,0.364,,
HI-043,2028-03-31,0.3749,,
HI-043,2028-04-30,0.3126,,
HI-043,2028-05-31,0.1787,,
HI-043,2028-06-30,0.114,,
HI-044,2025-08-31,0.0778,0.0724,0.0743
HI-044,2025-09-30,0.1892,0.1841,0.1897
HI-044,2025-10-31,0.2096,0.2028,0.2098
HI-044,2025-11-30,0.3231,0.3059,0.3145
HI-044,2025-12-31,0.342,0.3268,0.3361
HI-044,2026-01-31,0.3713,0.3561,0.3617
HI-044,2026-02-28,0.406,0.377,0.3936
HI-044,2026-03-31,0.4812,0.4495,0.4688
HI-044,2026-04-30,0.3895,0.3797,0.3919
HI-044,2026-05-31,0.4875,0.4446,0.4621
HI-044,2026-06-30,0.4166,0.3977,0.4057
HI-044,2026-07-31,0.3345,,
HI-044,2026-08-31,0.2797,,
HI-044,2026-09-30,0.2514,,
HI-044,2026-10-31,0.174,,
HI-044,2026-11-30,0.0865,,
HI-045,2024-09-30,0.1063,0.0979,0.1071
HI-045,2024-10-31,0.1654,0.1463,0.1572
HI-045,2024-11-30,0.2032,0.1844,0.1973
HI-045,2024-12-31,0.259,0.2326,0.2476
HI-045,2025-01-31,0.3252,0.2913,0.308
HI-045,2025-02-28,0.415,0.3813,0.4087
HI-045,2025-03-31,0.4805,0.4471,0.4829
HI-045,2025-04-30,0.4086,0.3875,0.4135
HI-045,2025-05-31,0.4091,0.3858,0.4124
HI-045,2025-06-30,0.4951,0.4588,0.4988
HI-045,2025-07-31,0.4519,0.4101,0.4395
HI-045,2025-08-31,0.4313,0.3988,0.4216
HI-045,2025-09-30,0.4404,0.404,0.4269
HI-045,2025-10-31,0.3986,0.3567,0.385
HI-045,2025-11-30,0.3393,0.3222,0.353
HI-045,2025-12-31,0.2539,0.2279,0.2413
HI-045,2026-01-31,0.1415,0.1297,0.1389
HI-045,2026-02-28,0.0858,0.0777,0.0844
HI-046,2026-11-30,0.1038,,
HI-046,2026-12-31,0.1725,,
HI-046,2027-01-31,0.2474,,
HI-046,2027-02-28,0.3107,,
HI-046,2027-03-31,0.3799,,
HI-046,2027-04-30,0.4618,,
HI-046,2027-05-31,0.5072,,
HI-046,2027-06-30,0.5414,,
HI-046,2027-07-31,0.539,,
HI-046,2027-08-31,0.4288,,
HI-046,2027-09-30,0.4664,,
HI-046,2027-10-31,0.485,,
HI-046,2027-11-30,0.3841,,
HI-046,2027-12-31,0.3723,,
HI-046,2028-01-31,0.2628,,
HI-046,2028-02-29,0.2175,,
HI-046,2028-03-31,0.1643,,
HI-046,2028-04-30,0.085,,
HI-047,2025-08-31,0.1197,0.1234,0.1338
HI-047,2025-09-30,0.1907,0.1925,0.2044
HI-047,2025-10-31,0.3215,0.3284,0.3536
HI-047,2025-11-30,0.3475,0.3728,0.3913
HI-047,2025-12-31,0.4217,0.4544,0.4893
HI-047,2026-01-31,0.5429,0.5555,0.6034
HI-047,2026-02-28,0.5565,0.573,0.6193
HI-047,2026-03-31,0.5042,0.5099,0.5438
HI-047,2026-04-30,0.5537,0.58,0.6295
HI-047,2026-05-31,0.6328,0.6803,0.7282
HI-047,2026-06-30,0.5504,0.5556,0.5919
HI-047,2026-07-31,0.5388,,
HI-047,2026-08-31,0.5669,,
HI-047,2026-09-30,0.497,,
HI-047,2026-10-31,0.4071,,
HI-047,2026-11-30,0.374,,
HI-047,2026-12-31,0.3017,,
HI-047,2027-01-31,0.1789,,
HI-047,2027-02-28,0.1142,,
HI-048,2025-07-31,0.0401,0.0401,0.0373
HI-048,2025-08-31,0.0974,0.0947,0.0895
HI-048,2025-09-30,0.1317,0.1359,0.1272
HI-048,2025-10-31,0.1549,0.1558,0.1504
HI-048,2025-11-30,0.1784,0.1841,0.1772
HI-048,2025-12-31,0.2188,0.2232,0.2121
HI-048,2026-01-31,0.183,0.1853,0.1762
HI-048,2026-02-28,0.2218,0.2225,0.2095
HI-048,2026-03-31,0.1954,0.1925,0.1791
HI-048,2026-04-30,0.1563,0.1556,0.149
HI-048,2026-05-31,0.1328,0.1342,0.1254
HI-048,2026-06-30,0.0822,0.0847,0.0788
HI-048,2026-07-31,0.0372,,
HI-049,2026-05-31,0.209,0.196,0.1914
HI-049,2026-06-30,0.2906,0.255,0.2509
HI-049,2026-07-31,0.3755,,
HI-049,2026-08-31,0.4457,,
HI-049,2026-09-30,0.5946,,
HI-049,2026-10-31,0.5285,,
HI-049,2026-11-30,0.5915,,
HI-049,2026-12-31,0.7602,,
HI-049,2027-01-31,0.7609,,
HI-049,2027-02-28,0.8298,,
HI-049,2027-03-31,0.8991,,
HI-049,2027-04-30,0.7875,,
HI-049,2027-05-31,1.058,,
HI-049,2027-06-30,0.9733,,
HI-049,2027-07-31,0.8026,,
HI-049,2027-08-31,0.953,,
HI-049,2027-09-30,0.8635,,
HI-049,2027-10-31,0.8557,,
HI-049,2027-11-30,0.8095,,
HI-049,2027-12-31,0.794,,
HI-049,2028-01-31,0.5493,,
HI-049,2028-02-29,0.6225,,
HI-049,2028-03-31,0.4545,,
HI-049,2028-04-30,0.3361,,
HI-049,2028-05-31,0.2674,,
HI-049,2028-06-30,0.1776,,
HI-050,2025-03-31,0.1217,0.1277,0.1302
HI-050,2025-04-30,0.2372,0.255,0.2635
HI-050,2025-05-31,0.2662,0.2871,0.2911
HI-050,2025-06-30,0.4352,0.4771,0.4957
HI-050,2025-07-31,0.521,0.5772,0.5942
HI-050,2025-08-31,0.4489,0.4818,0.4865
HI-050,2025-09-30,0.5677,0.6204,0.6422
HI-050,2025-10-31,0.5313,0.5764,0.6045
HI-050,2025-11-30,0.6141,0.6534,0.6814
HI-050,2025-12-31,0.5255,0.5828,0.6098
HI-050,2026-01-31,0.638,0.7191,0.7327
HI-050,2026-02-28,0.4767,0.5371,0.551
HI-050,2026-03-31,0.4896,0.5413,0.5676
HI-050,2026-04-30,0.4104,0.4507,0.4657
HI-050,2026-05-31,0.2915,0.3069,0.3172
HI-050,2026-06-30,0.1982,0.2115,0.2169
HI-050,2026-07-31,0.1369,,
HI-051,2027-02-28,0.1756,,
HI-051,2027-03-31,0.2808,,
HI-051,2027-04-30,0.3217,,
HI-051,2027-05-31,0.3961,,
HI-051,2027-06-30,0.3894,,
HI-051,2027-07-31,0.4617,,
HI-051,2027-08-31,0.6089,,
HI-051,2027-09-30,0.5322,,
HI-051,2027-10-31,0.7396,,
HI-051,2027-11-30,0.6828,,
HI-051,2027-12-31,0.7165,,
HI-051,2028-01-31,0.7832,,
HI-051,2028-02-29,0.8001,,
HI-051,2028-03-31,0.8359,,
HI-051,2028-04-30,0.8479,,
HI-051,2028-05-31,0.9405,,
HI-051,2028-06-30,0.8401,,
HI-051,2028-07-31,0.8179,,
HI-051,2028-08-31,0.8937,,
HI-051,2028-09-30,0.7966,,
HI-051,2028-10-31,0.8863,,
HI-051,2028-11-30,0.8853,,
HI-051,2028-12-31,0.9417,,
HI-051,2029-01-31,0.7444,,
HI-051,2029-02-28,0.7887,,
HI-051,2029-03-31,0.8454,,
HI-051,2029-04-30,0.7051,,
HI-051,2029-05-31,0.7684,,
HI-051,2029-06-30,0.6938,,
HI-051,2029-07-31,0.5181,,
HI-051,2029-08-31,0.5282,,
HI-051,2029-09-30,0.5297,,
HI-051,2029-10-31,0.4352,,
HI-051,2029-11-30,0.3903,,
HI-051,2029-12-31,0.3544,,
HI-051,2030-01-31,0.2588,,
HI-051,2030-02-28,0.1848,,
HI-052,2026-11-30,0.0776,,
HI-052,2026-12-31,0.1261,,
HI-052,2027-01-31,0.1575,,
HI-052,2027-02-28,0.2195,,
HI-052,2027-03-31,0.2872,,
HI-052,2027-04-30,0.356,,
HI-052,2027-05-31,0.3486,,
HI-052,2027-06-30,0.3272,,
HI-052,2027-07-31,0.4017,,
HI-052,2027-08-31,0.3276,,
HI-052,2027-09-30,0.2882,,
HI-052,2027-10-31,0.2837,,
HI-052,2027-11-30,0.2246,,
HI-052,2027-12-31,0.1631,,
HI-052,2028-01-31,0.137,,
HI-052,2028-02-29,0.0743,,
HI-053,2026-06-30,0.0681,0.0655,0.0612
HI-053,2026-07-31,0.1081,,
HI-053,2026-08-31,0.2009,,
HI-053,2026-09-30,0.2486,,
HI-053,2026-10-31,0.2464,,
HI-053,2026-11-30,0.2881,,
HI-053,2026-12-31,0.3097,,
HI-053,2027-01-31,0.2738,,
HI-053,2027-02-28,0.2348,,
HI-053,2027-03-31,0.2513,,
HI-053,2027-04-30,0.1608,,
HI-053,2027-05-31,0.121,,
HI-053,2027-06-30,0.0585,,
HI-054,2024-11-30,0.0758,0.078,0.0777
HI-054,2024-12-31,0.1677,0.1607,0.1607
HI-054,2025-01-31,0.2029,0.208,0.2104
HI-054,2025-02-28,0.2896,0.2922,0.2994
HI-054,2025-03-31,0.2947,0.2914,0.2989
HI-054,2025-04-30,0.3848,0.3813,0.3882
HI-054,2025-05-31,0.4089,0.4001,0.3986
HI-054,2025-06-30,0.4262,0.4268,0.4297
HI-054,2025-07-31,0.3785,0.3694,0.3811
HI-054,2025-08-31,0.3275,0.3219,0.322
HI-054,2025-09-30,0.333,0.3344,0.3404
HI-054,2025-10-31,0.3045,0.292,0.2949
HI-054,2025-11-30,0.2002,0.2007,0.2022
HI-054,2025-12-31,0.1256,0.1297,0.1333
HI-054,2026-01-31,0.0703,0.0699,0.0722
HI-055,2024-09-30,0.1231,0.12,0.1223
HI-055,2024-10-31,0.2277,0.2175,0.2199
HI-055,2024-11-30,0.3933,0.3772,0.3786
HI-055,2024-12-31,0.4455,0.4133,0.4254
HI-055,2025-01-31,0.4763,0.4399,0.4441
HI-055,2025-02-28,0.6124,0.5906,0.5949
HI-055,2025-03-31,0.7006,0.6557,0.6759
HI-055,2025-04-30,0.715,0.6605,0.6629
HI-055,2025-05-31,0.6158,0.6005,0.6036
HI-055,2025-06-30,0.6138,0.5728,0.5898
HI-055,2025-07-31,0.6742,0.6286,0.6502
HI-055,2025-08-31,0.5602,0.5436,0.559
HI-055,2025-09-30,0.5249,0.4857,0.487
HI-055,2025-10-31,0.5512,0.532,0.5466
HI-055,2025-11-30,0.4361,0.4035,0.4044
HI-055,2025-12-31,0.3063,0.2838,0.2837
HI-055,2026-01-31,0.2763,0.2597,0.2634
HI-055,2026-02-28,0.1374,0.1313,0.1308
HI-056,2026-06-30,0.195,0.1968,0.2036
HI-056,2026-07-31,0.2894,,
HI-056,2026-08-31,0.4071,,
HI-056,2026-09-30,0.4924,,
HI-056,2026-10-31,0.7288,,
HI-056,2026-11-30,0.7099,,
HI-056,2026-12-31,0.7333,,
HI-056,2027-01-31,0.9413,,
HI-056,2027-02-28,1.095,,
HI-056,2027-03-31,1.0978,,
HI-056,2027-04-30,1.0913,,
HI-056,2027-05-31,1.0278,,
HI-056,2027-06-30,1.0429,,
HI-056,2027-07-31,1.0034,,
HI-056,2027-08-31,1.1408,,
HI-056,2027-09-30,1.1005,,
HI-056,2027-10-31,0.9559,,
HI-056,2027-11-30,0.9939,,
HI-056,2027-12-31,0.86,,
HI-056,2028-01-31,0.779,,
HI-056,2028-02-29,0.5998,,
HI-056,2028-03-31,0.5015,,
HI-056,2028-04-30,0.4015,,
HI-056,2028-05-31,0.3674,,
HI-056,2028-06-30,0.2342,,
HI-057,2026-03-31,0.1332,0.1166,0.1158
HI-057,2026-04-30,0.1911,0.1656,0.1677
HI-057,2026-05-31,0.2872,0.2635,0.2647
HI-057,2026-06-30,0.3005,0.269,0.2735
HI-057,2026-07-31,0.4156,,
HI-057,2026-08-31,0.3918,,
HI-057,2026-09-30,0.5742,,
HI-057,2026-10-31,0.6069,,
HI-057,2026-11-30,0.5186,,
HI-057,2026-12-31,0.6463,,
HI-057,2027-01-31,0.668,,
HI-057,2027-02-28,0.5253,,
HI-057,2027-03-31,0.6099,,
HI-057,2027-04-30,0.5627,,
HI-057,2027-05-31,0.5643,,
HI-057,2027-06-30,0.5622,,
HI-057,2027-07-31,0.4845,,
HI-057,2027-08-31,0.3627,,
HI-057,2027-09-30,0.3394,,
HI-057,2027-10-31,0.2709,,
HI-057,2027-11-30,0.1663,,
HI-057,2027-12-31,0.1086,,
HI-058,2025-07-31,0.1564,0.1507,0.1558
HI-058,2025-08-31,0.2772,0.2649,0.271
HI-058,2025-09-30,0.32,0.3094,0.3175
HI-058,2025-10-31,0.5323,0.532,0.5443
HI-058,2025-11-30,0.5114,0.5141,0.5405
HI-058,2025-12-31,0.5816,0.5583,0.5849
HI-058,2026-01-31,0.7003,0.683,0.7068
HI-058,2026-02-28,0.7512,0.7461,0.7833
HI-058,2026-03-31,0.8005,0.7572,0.7974
HI-058,2026-04-30,0.6866,0.6404,0.6505
HI-058,2026-05-31,0.7915,0.766,0.7874
HI-058,2026-06-30,0.668,0.6433,0.6661
HI-058,2026-07-31,0.6281,,
HI-058,2026-08-31,0.4759,,
HI-058,2026-09-30,0.3279,,
HI-058,2026-10-31,0.226,,
HI-058,2026-11-30,0.155,,
HI-059,2024-08-31,0.067,0.0683,0.0678
HI-059,2024-09-30,0.1485,0.1548,0.1555
HI-059,2024-10-31,0.2175,0.2176,0.2205
HI-059,2024-11-30,0.2355,0.2414,0.2381
HI-059,2024-12-31,0.2717,0.2741,0.2743
HI-059,2025-01-31,0.3353,0.3528,0.3506
HI-059,2025-02-28,0.3057,0.3093,0.3155
HI-059,2025-03-31,0.326,0.3293,0.3339
HI-059,2025-04-30,0.3414,0.3357,0.3346
HI-059,2025-05-31,0.2471,0.2447,0.2487
HI-059,2025-06-30,0.2671,0.2725,0.2697
HI-059,2025-07-31,0.2068,0.2033,0.2029
HI-059,2025-08-31,0.1278,0.1257,0.1258
HI-059,2025-09-30,0.0625,0.0647,0.0642
HI-060,2026-02-28,0.0986,0.1031,0.1006
HI-060,2026-03-31,0.1869,0.1847,0.1813
HI-060,2026-04-30,0.2494,0.2569,0.2523
HI-060,2026-05-31,0.3893,0.4118,0.4113
HI-060,2026-06-30,0.3685,0.3883,0.3849
HI-060,2026-07-31,0.508,,
HI-060,2026-08-31,0.4886,,
HI-060,2026-09-30,0.5761,,
HI-060,2026-10-31,0.5921,,
HI-060,2026-11-30,0.4801,,
HI-060,2026-12-31,0.5538,,
HI-060,2027-01-31,0.5371,,
HI-060,2027-02-28,0.4277,,
HI-060,2027-03-31,0.3682,,
HI-060,2027-04-30,0.2624,,
HI-060,2027-05-31,0.1759,,
HI-060,2027-06-30,0.1175,,
HI-061,2024-03-31,0.0705,0.0713,0.0662
HI-061,2024-04-30,0.1405,0.1484,0.1422
HI-061,2024-05-31,0.1542,0.1632,0.1541
HI-061,2024-06-30,0.2339,0.2454,0.2336
HI-061,2024-07-31,0.2449,0.2556,0.2398
HI-061,2024-08-31,0.3282,0.3502,0.3287
HI-061,2024-09-30,0.2951,0.3162,0.3019
HI-061,2024-10-31,0.3512,0.3731,0.3566
HI-061,2024-11-30,0.3048,0.3287,0.3161
HI-061,2024-12-31,0.3152,0.3272,0.3072
HI-061,2025-01-31,0.2848,0.3011,0.2894
HI-061,2025-02-28,0.2569,0.2694,0.2493
HI-061,2025-03-31,0.1992,0.1991,0.1876
HI-061,2025-04-30,0.1215,0.129,0.1236
HI-061,2025-05-31,0.0692,0.0711,0.0671
HI-062,2025-02-28,0.0547,0.0539,0.0602
HI-062,2025-03-31,0.0905,0.0941,0.1061
HI-062,2025-04-30,0.1268,0.1269,0.1389
HI-062,2025-05-31,0.1918,0.2016,0.2219
HI-062,2025-06-30,0.2252,0.2231,0.2438
HI-062,2025-07-31,0.2783,0.2888,0.3214
HI-062,2025-08-31,0.2415,0.2527,0.2842
HI-062,2025-09-30,0.3013,0.2968,0.3355
HI-062,2025-10-31,0.2487,0.2629,0.2972
HI-062,2025-11-30,0.2539,0.2661,0.2942
HI-062,2025-12-31,0.2389,0.2402,0.2713
HI-062,2026-01-31,0.1701,0.1735,0.1926
HI-062,2026-02-28,0.169,0.1762,0.1972
HI-062,2026-03-31,0.1172,0.1221,0.1363
HI-062,2026-04-30,0.0622,0.0638,0.0717
HI-063,2025-12-31,0.1271,0.1371,0.1393
HI-063,2026-01-31,0.1981,0.2232,0.2292
HI-063,2026-02-28,0.3294,0.3455,0.3449
HI-063,2026-03-31,0.4079,0.463,0.4716
HI-063,2026-04-30,0.4685,0.5161,0.5214
HI-063,2026-05-31,0.4524,0.5071,0.5165
HI-063,2026-06-30,0.4801,0.5282,0.5314
HI-063,2026-07-31,0.6748,,
HI-063,2026-08-31,0.7142,,
HI-063,2026-09-30,0.6053,,
HI-063,2026-10-31,0.6816,,
HI-063,2026-11-30,0.5558,,
HI-063,2026-12-31,0.6103,,
HI-063,2027-01-31,0.6356,,
HI-063,2027-02-28,0.5327,,
HI-063,2027-03-31,0.5487,,
HI-063,2027-04-30,0.4942,,
HI-063,2027-05-31,0.3293,,
HI-063,2027-06-30,0.31,,
HI-063,2027-07-31,0.2054,,
HI-063,2027-08-31,0.1184,,
HI-064,2025-06-30,0.1429,0.1545,0.1619
HI-064,2025-07-31,0.1893,0.1974,0.2125
HI-064,2025-08-31,0.2501,0.2725,0.2935
HI-064,2025-09-30,0.3615,0.3769,0.4031
HI-064,2025-10-31,0.4589,0.4953,0.5184
HI-064,2025-11-30,0.448,0.488,0.5088
HI-064,2025-12-31,0.4994,0.531,0.5566
HI-064,2026-01-31,0.5154,0.5289,0.5521
HI-064,2026-02-28,0.6311,0.686,0.7159
HI-064,2026-03-31,0.6903,0.7487,0.7825
HI-064,2026-04-30,0.5809,0.6017,0.63
HI-064,2026-05-31,0.6668,0.7274,0.7581
HI-064,2026-06-30,0.6622,0.7154,0.7518
HI-064,2026-07-31,0.5631,,
HI-064,2026-08-31,0.6177,,
HI-064,2026-09-30,0.5366,,
HI-064,2026-10-31,0.483,,
HI-064,2026-11-30,0.5472,,
HI-064,2026-12-31,0.3661,,
HI-064,2027-01-31,0.3347,,
HI-064,2027-02-28,0.2907,,
HI-064,2027-03-31,0.2012,,
HI-064,2027-04-30,0.1129,,
HI-065,2025-07-31,0.1343,0.1366,0.1471
HI-065,2025-08-31,0.2329,0.2353,0.2505
HI-065,2025-09-30,0.2887,0.3026,0.3225
HI-065,2025-10-31,0.3975,0.402,0.4321
HI-065,2025-11-30,0.422,0.4248,0.4609
HI-065,2025-12-31,0.5132,0.5086,0.543
HI-065,2026-01-31,0.4874,0.4964,0.5286
HI-065,2026-02-28,0.6208,0.6536,0.6987
HI-065,2026-03-31,0.6052,0.6164,0.662
HI-065,2026-04-30,0.5293,0.5568,0.592
HI-065,2026-05-31,0.4508,0.4743,0.5191
HI-065,2026-06-30,0.5317,0.5348,0.5674
HI-065,2026-07-31,0.3517,,
HI-065,2026-08-31,0.2946,,
HI-065,2026-09-30,0.1858,,
HI-065,2026-10-31,0.1141,,
HI-066,2026-10-31,0.1088,,
HI-066,2026-11-30,0.1787,,
HI-066,2026-12-31,0.2515,,
HI-066,2027-01-31,0.3056,,
HI-066,2027-02-28,0.4274,,
HI-066,2027-03-31,0.5215,,
HI-066,2027-04-30,0.5468,,
HI-066,2027-05-31,0.5141,,
HI-066,2027-06-30,0.4816,,
HI-066,2027-07-31,0.5269,,
HI-066,2027-08-31,0.4332,,
HI-066,2027-09-30,0.3978,,
HI-066,2027-10-31,0.2894,,
HI-066,2027-11-30,0.2005,,
HI-066,2027-12-31,0.1062,,
HI-067,2024-12-31,0.0992,0.1009,0.1226
HI-067,2025-01-31,0.1895,0.1974,0.2387
HI-067,2025-02-28,0.2554,0.2715,0.3281
HI-067,2025-03-31,0.4231,0.4302,0.5277
HI-067,2025-04-30,0.5099,0.5411,0.6666
HI-067,2025-05-31,0.5147,0.5176,0.6205
HI-067,2025-06-30,0.4815,0.4959,0.6131
HI-067,2025-07-31,0.4937,0.5149,0.6279
HI-067,2025-08-31,0.5474,0.5576,0.69
HI-067,2025-09-30,0.5194,0.5229,0.6361
HI-067,2025-10-31,0.4534,0.4749,0.5835
HI-067,2025-11-30,0.3893,0.4122,0.498
HI-067,2025-12-31,0.3911,0.3966,0.4905
HI-067,2026-01-31,0.3193,0.3313,0.3985
HI-067,2026-02-28,0.1779,0.1784,0.2192
HI-067,2026-03-31,0.1054,0.1119,0.1362
HI-068,2026-12-31,0.2259,,
HI-068,2027-01-31,0.3478,,
HI-068,2027-02-28,0.4905,,
HI-068,2027-03-31,0.5357,,
HI-068,2027-04-30,0.6678,,
HI-068,2027-05-31,0.7826,,
HI-068,2027-06-30,0.8448,,
HI-068,2027-07-31,0.857,,
HI-068,2027-08-31,0.8401,,
HI-068,2027-09-30,1.0499,,
HI-068,2027-10-31,1.1488,,
HI-068,2027-11-30,1.2406,,
HI-068,2027-12-31,1.0072,,
HI-068,2028-01-31,1.0166,,
HI-068,2028-02-29,1.2128,,
HI-068,2028-03-31,1.2851,,
HI-068,2028-04-30,1.0171,,
HI-068,2028-05-31,1.1892,,
HI-068,2028-06-30,1.0456,,
HI-068,2028-07-31,1.2525,,
HI-068,2028-08-31,1.0014,,
HI-068,2028-09-30,0.8671,,
HI-068,2028-10-31,1.0087,,
HI-068,2028-11-30,0.8091,,
HI-068,2028-12-31,0.7653,,
HI-068,2029-01-31,0.6243,,
HI-068,2029-02-28,0.5837,,
HI-068,2029-03-31,0.4658,,
HI-068,2029-04-30,0.3975,,
HI-068,2029-05-31,0.3398,,
HI-068,2029-06-30,0.2199,,
HI-069,2027-01-31,0.0836,,
HI-069,2027-02-28,0.1588,,
HI-069,2027-03-31,0.2061,,
HI-069,2027-04-30,0.2203,,
HI-069,2027-05-31,0.3469,,
HI-069,2027-06-30,0.3132,,
HI-069,2027-07-31,0.3566,,
HI-069,2027-08-31,0.3952,,
HI-069,2027-09-30,0.4123,,
HI-069,2027-10-31,0.3735,,
HI-069,2027-11-30,0.3672,,
HI-069,2027-12-31,0.3576,,
HI-069,2028-01-31,0.3009,,
HI-069,2028-02-29,0.2399,,
HI-069,2028-03-31,0.1961,,
HI-069,2028-04-30,0.1369,,
HI-069,2028-05-31,0.0747,,
HI-070,2025-05-31,0.1022,0.1118,0.1231
HI-070,2025-06-30,0.1618,0.1652,0.1822
HI-070,2025-07-31,0.2158,0.2245,0.2475
HI-070,2025-08-31,0.2968,0.3108,0.3503
HI-070,2025-09-30,0.3635,0.3832,0.4278
HI-070,2025-10-31,0.3966,0.4045,0.4421
HI-070,2025-11-30,0.4,0.4364,0.4825
HI-070,2025-12-31,0.5118,0.5583,0.6169
HI-070,2026-01-31,0.4198,0.447,0.5004
HI-070,2026-02-28,0.5359,0.5458,0.5967
HI-070,2026-03-31,0.4841,0.5074,0.556
HI-070,2026-04-30,0.4757,0.4927,0.5414
HI-070,2026-05-31,0.5254,0.545,0.6052
HI-070,2026-06-30,0.4736,0.4912,0.5428
HI-070,2026-07-31,0.4798,,
HI-070,2026-08-31,0.4227,,
HI-070,2026-09-30,0.294,,
HI-070,2026-10-31,0.2795,,
HI-070,2026-11-30,0.2395,,
HI-070,2026-12-31,0.141,,
HI-070,2027-01-31,0.1004,,
HI-071,2027-01-31,0.1842,,
HI-071,2027-02-28,0.3061,,
HI-071,2027-03-31,0.3393,,
HI-071,2027-04-30,0.5657,,
HI-071,2027-05-31,0.5727,,
HI-071,2027-06-30,0.7543,,
HI-071,2027-07-31,0.634,,
HI-071,2027-08-31,0.7001,,
HI-071,2027-09-30,0.7547,,
HI-071,2027-10-31,1.0055,,
HI-071,2027-11-30,0.893,,
HI-071,2027-12-31,1.0208,,
HI-071,2028-01-31,0.9707,,
HI-071,2028-02-29,0.7841,,
HI-071,2028-03-31,0.8223,,
HI-071,2028-04-30,0.7665,,
HI-071,2028-05-31,0.7335,,
HI-071,2028-06-30,0.7204,,
HI-071,2028-07-31,0.5118,,
HI-071,2028-08-31,0.5552,,
HI-071,2028-09-30,0.3906,,
HI-071,2028-10-31,0.2785,,
HI-071,2028-11-30,0.1959,,
HI-072,2024-03-31,0.0937,0.0856,0.0822
HI-072,2024-04-30,0.2019,0.1878,0.183
HI-072,2024-05-31,0.2677,0.248,0.2426
HI-072,2024-06-30,0.3485,0.3361,0.3217
HI-072,2024-07-31,0.3757,0.3424,0.3336
HI-072,2024-08-31,0.421,0.3892,0.3747
HI-072,2024-09-30,0.5452,0.5078,0.4964
HI-072,2024-10-31,0.5135,0.4937,0.4873
HI-072,2024-11-30,0.4804,0.4587,0.4422
HI-072,2024-12-31,0.5003,0.4801,0.4696
HI-072,2025-01-31,0.4656,0.4222,0.4169
HI-072,2025-02-28,0.3149,0.2872,0.2806
HI-072,2025-03-31,0.3157,0.2985,0.2942
HI-072,2025-04-30,0.1621,0.1529,0.1512
HI-072,2025-05-31,0.1038,0.0933,0.0888
HI-073,2024-04-30,0.0789,0.0745,0.07
HI-073,2024-05-31,0.158,0.1484,0.1416
HI-073,2024-06-30,0.2146,0.2088,0.1933
HI-073,2024-07-31,0.2446,0.2338,0.2178
HI-073,2024-08-31,0.3026,0.2851,0.268
HI-073,2024-09-30,0.3844,0.363,0.3368
HI-073,2024-10-31,0.3956,0.3896,0.3654
HI-073,2024-11-30,0.4611,0.4529,0.4256
HI-073,2024-12-31,0.4297,0.4165,0.3888
HI-073,2025-01-31,0.4757,0.4583,0.4308
HI-073,2025-02-28,0.4392,0.4202,0.4005
HI-073,2025-03-31,0.3748,0.3558,0.331
HI-073,2025-04-30,0.3181,0.3044,0.2897
HI-073,2025-05-31,0.2557,0.2546,0.2402
HI-073,2025-06-30,0.206,0.1973,0.1868
HI-073,2025-07-31,0.1478,0.147,0.1368
HI-073,2025-08-31,0.0832,0.0817,0.0775
HI-074,2025-10-31,0.1068,0.0976,0.0962
HI-074,2025-11-30,0.1672,0.1519,0.151
HI-074,2025-12-31,0.27,0.2449,0.2426
HI-074,2026-01-31,0.3025,0.2829,0.2831
HI-074,2026-02-28,0.3788,0.3622,0.3633
HI-074,2026-03-31,0.4549,0.4253,0.4301
HI-074,2026-04-30,0.5615,0.5381,0.5415
HI-074,2026-05-31,0.4698,0.4217,0.4222
HI-074,2026-06-30,0.4757,0.4268,0.4299
HI-074,2026-07-31,0.5587,,
HI-074,2026-08-31,0.618,,
HI-074,2026-09-30,0.454,,
HI-074,2026-10-31,0.514,,
HI-074,2026-11-30,0.3852,,
HI-074,2026-12-31,0.4004,,
HI-074,2027-01-31,0.2935,,
HI-074,2027-02-28,0.274,,
HI-074,2027-03-31,0.1794,,
HI-074,2027-04-30,0.1156,,
HI-075,2027-05-31,0.1186,,
HI-075,2027-06-30,0.2529,,
HI-075,2027-07-31,0.3208,,
HI-075,2027-08-31,0.506,,
HI-075,2027-09-30,0.4761,,
HI-075,2027-10-31,0.6383,,
HI-075,2027-11-30,0.6956,,
HI-075,2027-12-31,0.6335,,
HI-075,2028-01-31,0.6982,,
HI-075,2028-02-29,0.6221,,
HI-075,2028-03-31,0.5651,,
HI-075,2028-04-30,0.503,,
HI-075,2028-05-31,0.3909,,
HI-075,2028-06-30,0.3771,,
HI-075,2028-07-31,0.2178,,
HI-075,2028-08-31,0.124,,
HI-076,2026-01-31,0.1334,0.1394,0.1391
HI-076,2026-02-28,0.2701,0.282,0.2873
HI-076,2026-03-31,0.3434,0.343,0.3523
HI-076,2026-04-30,0.4245,0.4323,0.4385
HI-076,2026-05-31,0.5229,0.5369,0.54
HI-076,2026-06-30,0.6367,0.6564,0.6512
HI-076,2026-07-31,0.6688,,
HI-076,2026-08-31,0.6975,,
HI-076,2026-09-30,0.6903,,
HI-076,2026-10-31,0.7574,,
HI-076,2026-11-30,0.8724,,
HI-076,2026-12-31,0.7694,,
HI-076,2027-01-31,0.7263,,
HI-076,2027-02-28,0.7757,,
HI-076,2027-03-31,0.5586,,
HI-076,2027-04-30,0.5064,,
HI-076,2027-05-31,0.5544,,
HI-076,2027-06-30,0.4855,,
HI-076,2027-07-31,0.2945,,
HI-076,2027-08-31,0.2121,,
HI-076,2027-09-30,0.1298,,
HI-077,2024-09-30,0.0666,0.0643,0.0568
HI-077,2024-10-31,0.1196,0.1177,0.1031
HI-077,2024-11-30,0.1783,0.1675,0.1456
HI-077,2024-12-31,0.2138,0.1991,0.1753
HI-077,2025-01-31,0.267,0.2638,0.2271
HI-077,2025-02-28,0.3322,0.314,0.2733
HI-077,2025-03-31,0.382,0.3522,0.3095
HI-077,2025-04-30,0.3094,0.3066,0.2661
HI-077,2025-05-31,0.3702,0.3596,0.32
HI-077,2025-06-30,0.3242,0.3036,0.2703
HI-077,2025-07-31,0.2473,0.2406,0.212
HI-077,2025-08-31,0.2032,0.1891,0.1641
HI-077,2025-09-30,0.2077,0.1918,0.1706
HI-077,2025-10-31,0.1184,0.1157,0.0997
HI-077,2025-11-30,0.06,0.0574,0.0497
HI-078,2026-07-31,0.1805,,
HI-078,2026-08-31,0.2778,,
HI-078,2026-09-30,0.4238,,
HI-078,2026-10-31,0.5029,,
HI-078,2026-11-30,0.4932,,
HI-078,2026-12-31,0.6157,,
HI-078,2027-01-31,0.7245,,
HI-078,2027-02-28,0.8574,,
HI-078,2027-03-31,0.7722,,
HI-078,2027-04-30,0.7502,,
HI-078,2027-05-31,0.7816,,
HI-078,2027-06-30,0.7652,,
HI-078,2027-07-31,0.72,,
HI-078,2027-08-31,0.7274,,
HI-078,2027-09-30,0.6549,,
HI-078,2027-10-31,0.6421,,
HI-078,2027-11-30,0.6266,,
HI-078,2027-12-31,0.535,,
HI-078,2028-01-31,0.3357,,
HI-078,2028-02-29,0.2775,,
HI-078,2028-03-31,0.1759,,
HI-079,2026-11-30,0.1553,,
HI-079,2026-12-31,0.2967,,
HI-079,2027-01-31,0.3737,,
HI-079,2027-02-28,0.499,,
HI-079,2027-03-31,0.5866,,
HI-079,2027-04-30,0.7714,,
HI-079,2027-05-31,0.7124,,
HI-079,2027-06-30,0.8352,,
HI-079,2027-07-31,0.8785,,
HI-079,2027-08-31,0.8228,,
HI-079,2027-09-30,0.9669,,
HI-079,2027-10-31,0.7837,,
HI-079,2027-11-30,0.7338,,
HI-079,2027-12-31,0.7455,,
HI-079,2028-01-31,0.617,,
HI-079,2028-02-29,0.5553,,
HI-079,2028-03-31,0.3679,,
HI-079,2028-04-30,0.2628,,
HI-079,2028-05-31,0.1857,,
HI-080,2024-09-30,0.0832,0.0737,0.0749
HI-080,2024-10-31,0.1653,0.1481,0.1504
HI-080,2024-11-30,0.1936,0.1796,0.1856
HI-080,2024-12-31,0.2465,0.2157,0.2257
HI-080,2025-01-31,0.3527,0.3227,0.3319
HI-080,2025-02-28,0.3459,0.305,0.3141
HI-080,2025-03-31,0.3481,0.3267,0.3379
HI-080,2025-04-30,0.3822,0.3459,0.3582
HI-080,2025-05-31,0.4636,0.4227,0.4379
HI-080,2025-06-30,0.3987,0.3533,0.3591
HI-080,2025-07-31,0.4242,0.3702,0.3867
HI-080,2025-08-31,0.4339,0.3783,0.3862
HI-080,2025-09-30,0.3728,0.3408,0.3514
HI-080,2025-10-31,0.3422,0.3207,0.3268
HI-080,2025-11-30,0.3056,0.2689,0.2735
HI-080,2025-12-31,0.1978,0.1796,0.1836
HI-080,2026-01-31,0.1662,0.1504,0.1562
HI-080,2026-02-28,0.0874,0.0782,0.0812
HI-081,2025-07-31,0.089,0.0991,0.0991
HI-081,2025-08-31,0.1931,0.2136,0.2138
HI-081,2025-09-30,0.3066,0.352,0.3519
HI-081,2025-10-31,0.3939,0.4325,0.4379
HI-081,2025-11-30,0.422,0.4897,0.4865
HI-081,2025-12-31,0.5316,0.6018,0.5968
HI-081,2026-01-31,0.46,0.5037,0.5057
HI-081,2026-02-28,0.4863,0.5444,0.5576
HI-081,2026-03-31,0.5097,0.5579,0.5663
HI-081,2026-04-30,0.501,0.5813,0.5846
HI-081,2026-05-31,0.5088,0.5795,0.5789
HI-081,2026-06-30,0.4066,0.454,0.4499
HI-081,2026-07-31,0.3013,,
HI-081,2026-08-31,0.2896,,
HI-081,2026-09-30,0.1746,,
HI-081,2026-10-31,0.1159,,
HI-082,2026-09-30,0.0965,,
HI-082,2026-10-31,0.1282,,
HI-082,2026-11-30,0.1874,,
HI-082,2026-12-31,0.2852,,
HI-082,2027-01-31,0.3138,,
HI-082,2027-02-28,0.3619,,
HI-082,2027-03-31,0.3698,,
HI-082,2027-04-30,0.3746,,
HI-082,2027-05-31,0.4671,,
HI-082,2027-06-30,0.3803,,
HI-082,2027-07-31,0.3915,,
HI-082,2027-08-31,0.4238,,
HI-082,2027-09-30,0.3388,,
HI-082,2027-10-31,0.3609,,
HI-082,2027-11-30,0.2412,,
HI-082,2027-12-31,0.2121,,
HI-082,2028-01-31,0.151,,
HI-082,2028-02-29,0.086,,
HI-083,2024-06-30,0.1281,0.1083,0.1081
HI-083,2024-07-31,0.1932,0.1608,0.1612
HI-083,2024-08-31,0.3281,0.2742,0.2796
HI-083,2024-09-30,0.4493,0.3932,0.3998
HI-083,2024-10-31,0.4225,0.3608,0.3646
HI-083,2024-11-30,0.5523,0.4669,0.4805
HI-083,2024-12-31,0.5694,0.4718,0.4741
HI-083,2025-01-31,0.5747,0.4982,0.4978
HI-083,2025-02-28,0.5863,0.5197,0.5256
HI-083,2025-03-31,0.5651,0.4821,0.4794
HI-083,2025-04-30,0.5182,0.4388,0.4458
HI-083,2025-05-31,0.4628,0.3919,0.3895
HI-083,2025-06-30,0.3389,0.294,0.2952
HI-083,2025-07-31,0.2571,0.2278,0.2323
HI-083,2025-08-31,0.1242,0.1089,0.112
HI-084,2024-12-31,0.121,0.1187,0.1188
HI-084,2025-01-31,0.1924,0.1876,0.193
HI-084,2025-02-28,0.2969,0.2852,0.2896
HI-084,2025-03-31,0.3443,0.3344,0.3333
HI-084,2025-04-30,0.4005,0.3759,0.3865
HI-084,2025-05-31,0.4507,0.4343,0.4437
HI-084,2025-06-30,0.4699,0.4555,0.4682
HI-084,2025-07-31,0.5081,0.4838,0.4904
HI-084,2025-08-31,0.5057,0.4955,0.5085
HI-084,2025-09-30,0.5596,0.5256,0.5301
HI-084,2025-10-31,0.4575,0.4456,0.4536
HI-084,2025-11-30,0.3801,0.3603,0.3661
HI-084,2025-12-31,0.3624,0.3592,0.3677
HI-084,2026-01-31,0.2648,0.2528,0.2557
HI-084,2026-02-28,0.2144,0.2058,0.2078
HI-084,2026-03-31,0.1015,0.098,0.1011
HI-085,2027-02-28,0.0327,,
HI-085,2027-03-31,0.0883,,
HI-085,2027-04-30,0.0986,,
HI-085,2027-05-31,0.1279,,
HI-085,2027-06-30,0.1556,,
HI-085,2027-07-31,0.1741,,
HI-085,2027-08-31,0.2117,,
HI-085,2027-09-30,0.205,,
HI-085,2027-10-31,0.1929,,
HI-085,2027-11-30,0.1415,,
HI-085,2027-12-31,0.0981,,
HI-085,2028-01-31,0.0808,,
HI-085,2028-02-29,0.0428,,
HI-086,2027-04-30,0.0737,,
HI-086,2027-05-31,0.1681,,
HI-086,2027-06-30,0.1867,,
HI-086,2027-07-31,0.2995,,
HI-086,2027-08-31,0.3313,,
HI-086,2027-09-30,0.4187,,
HI-086,2027-10-31,0.4466,,
HI-086,2027-11-30,0.3594,,
HI-086,2027-12-31,0.4157,,
HI-086,2028-01-31,0.3704,,
HI-086,2028-02-29,0.3662,,
HI-086,2028-03-31,0.2888,,
HI-086,2028-04-30,0.2683,,
HI-086,2028-05-31,0.2135,,
HI-086,2028-06-30,0.1303,,
HI-086,2028-07-31,0.0829,,
HI-087,2027-03-31,0.1955,,
HI-087,2027-04-30,0.2572,,
HI-087,2027-05-31,0.4693,,
HI-087,2027-06-30,0.5228,,
HI-087,2027-07-31,0.5702,,
HI-087,2027-08-31,0.8106,,
HI-087,2027-09-30,0.7743,,
HI-087,2027-10-31,0.8163,,
HI-087,2027-11-30,0.8316,,
HI-087,2027-12-31,0.9742,,
HI-087,2028-01-31,0.7677,,
HI-087,2028-02-29,0.7598,,
HI-087,2028-03-31,0.7298,,
HI-087,2028-04-30,0.6173,,
HI-087,2028-05-31,0.6888,,
HI-087,2028-06-30,0.5227,,
HI-087,2028-07-31,0.4267,,
HI-087,2028-08-31,0.3306,,
HI-087,2028-09-30,0.1746,,
HI-088,2024-03-31,0.1856,0.1698,0.1684
HI-088,2024-04-30,0.2876,0.2555,0.2497
HI-088,2024-05-31,0.37,0.3292,0.3176
HI-088,2024-06-30,0.4256,0.3883,0.3792
HI-088,2024-07-31,0.4901,0.4526,0.4492
HI-088,2024-08-31,0.5831,0.5412,0.526
HI-088,2024-09-30,0.7284,0.6642,0.6545
HI-088,2024-10-31,0.6711,0.6294,0.6203
HI-088,2024-11-30,0.9251,0.8448,0.8145
HI-088,2024-12-31,0.7893,0.7419,0.7196
HI-088,2025-01-31,0.8403,0.7614,0.7565
HI-088,2025-02-28,0.8319,0.7417,0.7378
HI-088,2025-03-31,0.9342,0.8344,0.803
HI-088,2025-04-30,0.9462,0.8648,0.8562
HI-088,2025-05-31,1.0475,0.9489,0.9412
HI-088,2025-06-30,1.1114,1.0063,0.997
HI-088,2025-07-31,0.9096,0.8047,0.7806
HI-088,2025-08-31,1.0551,0.9342,0.9229
HI-088,2025-09-30,0.8841,0.8052,0.7927
HI-088,2025-10-31,0.8766,0.7836,0.7739
HI-088,2025-11-30,0.7618,0.7229,0.6955
HI-088,2025-12-31,0.9002,0.8099,0.8042
HI-088,2026-01-31,0.7177,0.6737,0.669
HI-088,2026-02-28,0.7214,0.6442,0.6319
HI-088,2026-03-31,0.5225,0.4613,0.4501
HI-088,2026-04-30,0.5645,0.5185,0.5025
HI-088,2026-05-31,0.4157,0.3772,0.3671
HI-088,2026-06-30,0.3645,0.3218,0.3094
HI-088,2026-07-31,0.2998,,
HI-088,2026-08-31,0.1793,,
HI-089,2026-11-30,0.0486,,
HI-089,2026-12-31,0.0747,,
HI-089,2027-01-31,0.1469,,
HI-089,2027-02-28,0.1833,,
HI-089,2027-03-31,0.2206,,
HI-089,2027-04-30,0.2307,,
HI-089,2027-05-31,0.1896,,
HI-089,2027-06-30,0.1972,,
HI-089,2027-07-31,0.201,,
HI-089,2027-08-31,0.174,,
HI-089,2027-09-30,0.1422,,
HI-089,2027-10-31,0.1442,,
HI-089,2027-11-30,0.0986,,
HI-089,2027-12-31,0.0484,,
HI-090,2027-04-30,0.0337,,
HI-090,2027-05-31,0.082,,
HI-090,2027-06-30,0.1197,,
HI-090,2027-07-31,0.1321,,
HI-090,2027-08-31,0.1444,,
HI-090,2027-09-30,0.1578,,
HI-090,2027-10-31,0.1771,,
HI-090,2027-11-30,0.1948,,
HI-090,2027-12-31,0.1419,,
HI-090,2028-01-31,0.1365,,
HI-090,2028-02-29,0.1045,,
HI-090,2028-03-31,0.0829,,
HI-090,2028-04-30,0.0326,,
HI-091,2024-06-30,0.1149,0.128,0.125
HI-091,2024-07-31,0.1761,0.1956,0.189
HI-091,2024-08-31,0.2713,0.284,0.2809
HI-091,2024-09-30,0.3611,0.3983,0.3934
HI-091,2024-10-31,0.4301,0.4688,0.4636
HI-091,2024-11-30,0.4923,0.5193,0.5027
HI-091,2024-12-31,0.4595,0.4934,0.4871
HI-091,2025-01-31,0.4872,0.5189,0.5047
HI-091,2025-02-28,0.4807,0.5203,0.5108
HI-091,2025-03-31,0.5085,0.5425,0.5436
HI-091,2025-04-30,0.4802,0.5405,0.5228
HI-091,2025-05-31,0.5668,0.6151,0.5997
HI-091,2025-06-30,0.4234,0.4542,0.4391
HI-091,2025-07-31,0.4048,0.4252,0.4111
HI-091,2025-08-31,0.4261,0.4493,0.4453
HI-091,2025-09-30,0.3558,0.3737,0.3739
HI-091,2025-10-31,0.2968,0.3305,0.3226
HI-091,2025-11-30,0.1795,0.1981,0.1987
HI-091,2025-12-31,0.0948,0.0999,0.0986
HI-092,2024-12-31,0.1032,0.0928,0.0868
HI-092,2025-01-31,0.1631,0.1421,0.1295
HI-092,2025-02-28,0.2245,0.1929,0.1759
HI-092,2025-03-31,0.2653,0.2315,0.2101
HI-092,2025-04-30,0.3765,0.3269,0.298
HI-092,2025-05-31,0.374,0.3404,0.3122
HI-092,2025-06-30,0.4431,0.4022,0.363
HI-092,2025-07-31,0.5489,0.4736,0.4432
HI-092,2025-08-31,0.4856,0.4143,0.3742
HI-092,2025-09-30,0.4914,0.4355,0.3969
HI-092,2025-10-31,0.5876,0.5073,0.4683
HI-092,2025-11-30,0.5215,0.4656,0.4226
HI-092,2025-12-31,0.4967,0.4409,0.4045
HI-092,2026-01-31,0.4158,0.3782,0.3416
HI-092,2026-02-28,0.4287,0.3713,0.3421
HI-092,2026-03-31,0.3475,0.2961,0.2759
HI-092,2026-04-30,0.3069,0.2817,0.2572
HI-092,2026-05-31,0.2324,0.2102,0.1913
HI-092,2026-06-30,0.1512,0.1386,0.126
HI-092,2026-07-31,0.1161,,
HI-093,2026-06-30,0.0789,0.0785,0.081
HI-093,2026-07-31,0.1525,,
HI-093,2026-08-31,0.2504,,
HI-093,2026-09-30,0.2789,,
HI-093,2026-10-31,0.4376,,
HI-093,2026-11-30,0.4434,,
HI-093,2026-12-31,0.4634,,
HI-093,2027-01-31,0.4809,,
HI-093,2027-02-28,0.4429,,
HI-093,2027-03-31,0.476,,
HI-093,2027-04-30,0.4069,,
HI-093,2027-05-31,0.317,,
HI-093,2027-06-30,0.2371,,
HI-093,2027-07-31,0.1565,,
HI-093,2027-08-31,0.0875,,
HI-094,2025-03-31,0.206,0.1976,0.2139
HI-094,2025-04-30,0.238,0.2263,0.2361
HI-094,2025-05-31,0.3338,0.3125,0.335
HI-094,2025-06-30,0.3493,0.3345,0.3606
HI-094,2025-07-31,0.4783,0.4637,0.497
HI-094,2025-08-31,0.561,0.5361,0.5723
HI-094,2025-09-30,0.5246,0.5153,0.5455
HI-094,2025-10-31,0.7528,0.7274,0.7845
HI-094,2025-11-30,0.6405,0.6406,0.6774
HI-094,2025-12-31,0.7066,0.6596,0.7113
HI-094,2026-01-31,0.86,0.8281,0.8975
HI-094,2026-02-28,0.7978,0.7877,0.8336
HI-094,2026-03-31,0.9662,0.9605,1.0238
HI-094,2026-04-30,0.8204,0.8068,0.8716
HI-094,2026-05-31,0.8547,0.8318,0.9007
HI-094,2026-06-30,0.9653,0.9259,0.9802
HI-094,2026-07-31,1.0113,,
HI-094,2026-08-31,1.0094,,
HI-094,2026-09-30,0.8337,,
HI-094,2026-10-31,0.8762,,
HI-094,2026-11-30,0.8165,,
HI-094,2026-12-31,0.8454,,
HI-094,2027-01-31,0.6985,,
HI-094,2027-02-28,0.785,,
HI-094,2027-03-31,0.701,,
HI-094,2027-04-30,0.5417,,
HI-094,2027-05-31,0.5074,,
HI-094,2027-06-30,0.4478,,
HI-094,2027-07-31,0.4533,,
HI-094,2027-08-31,0.3255,,
HI-094,2027-09-30,0.2656,,
HI-094,2027-10-31,0.2063,,
HI-095,2024-11-30,0.1062,0.0983,0.114
HI-095,2024-12-31,0.1581,0.1447,0.1674
HI-095,2025-01-31,0.236,0.2269,0.2666
HI-095,2025-02-28,0.2815,0.2571,0.2997
HI-095,2025-03-31,0.3558,0.3416,0.3932
HI-095,2025-04-30,0.4164,0.3967,0.4646
HI-095,2025-05-31,0.4293,0.4102,0.4669
HI-095,2025-06-30,0.5116,0.4903,0.5784
HI-095,2025-07-31,0.5221,0.474,0.5515
HI-095,2025-08-31,0.553,0.4958,0.5762
HI-095,2025-09-30,0.4352,0.4102,0.4794
HI-095,2025-10-31,0.4346,0.4144,0.4757
HI-095,2025-11-30,0.5196,0.4669,0.5473
HI-095,2025-12-31,0.4574,0.4079,0.4671
HI-095,2026-01-31,0.506,0.4592,0.5373
HI-095,2026-02-28,0.4071,0.3756,0.4406
HI-095,2026-03-31,0.407,0.3824,0.4487
HI-095,2026-04-30,0.3064,0.2905,0.3413
HI-095,2026-05-31,0.2897,0.2637,0.3035
HI-095,2026-06-30,0.2488,0.233,0.2706
HI-095,2026-07-31,0.1804,,
HI-095,2026-08-31,0.0979,,
HI-096,2025-10-31,0.0297,0.0305,0.0297
HI-096,2025-11-30,0.061,0.0623,0.0602
HI-096,2025-12-31,0.0774,0.0814,0.0807
HI-096,2026-01-31,0.093,0.1012,0.0985
HI-096,2026-02-28,0.1313,0.1345,0.1302
HI-096,2026-03-31,0.1408,0.1508,0.1469
HI-096,2026-04-30,0.1279,0.1358,0.134
HI-096,2026-05-31,0.1156,0.1237,0.1226
HI-096,2026-06-30,0.1049,0.1071,0.1038
HI-096,2026-07-31,0.097,,
HI-096,2026-08-31,0.0767,,
HI-096,2026-09-30,0.0509,,
HI-096,2026-10-31,0.0237,,
HI-097,2024-04-30,0.0493,0.0527,0.0519
HI-097,2024-05-31,0.1128,0.1269,0.1262
HI-097,2024-06-30,0.1694,0.1833,0.1863
HI-097,2024-07-31,0.1937,0.2198,0.217
HI-097,2024-08-31,0.213,0.2333,0.2332
HI-097,2024-09-30,0.2685,0.2878,0.2861
HI-097,2024-10-31,0.2563,0.2773,0.2799
HI-097,2024-11-30,0.2586,0.2755,0.2801
HI-097,2024-12-31,0.2618,0.2822,0.2794
HI-097,2025-01-31,0.2786,0.2964,0.3004
HI-097,2025-02-28,0.2004,0.2264,0.2219
HI-097,2025-03-31,0.174,0.192,0.1906
HI-097,2025-04-30,0.1078,0.1197,0.1186
HI-097,2025-05-31,0.0556,0.0635,0.0626
HI-098,2026-06-30,0.0655,0.0717,0.0744
HI-098,2026-07-31,0.1088,,
HI-098,2026-08-31,0.1784,,
HI-098,2026-09-30,0.2135,,
HI-098,2026-10-31,0.2584,,
HI-098,2026-11-30,0.285,,
HI-098,2026-12-31,0.3082,,
HI-098,2027-01-31,0.2584,,
HI-098,2027-02-28,0.2457,,
HI-098,2027-03-31,0.2926,,
HI-098,2027-04-30,0.202,,
HI-098,2027-05-31,0.1634,,
HI-098,2027-06-30,0.1078,,
HI-098,2027-07-31,0.0623,,
HI-099,2024-02-29,0.0289,0.0281,0.0278
HI-099,2024-03-31,0.062,0.0637,0.0632
HI-099,2024-04-30,0.0829,0.081,0.0827
HI-099,2024-05-31,0.1078,0.1052,0.107
HI-099,2024-06-30,0.1225,0.1207,0.1214
HI-099,2024-07-31,0.1435,0.1415,0.141
HI-099,2024-08-31,0.1735,0.1797,0.1832
HI-099,2024-09-30,0.1265,0.1233,0.1248
HI-099,2024-10-31,0.1247,0.1212,0.1206
HI-099,2024-11-30,0.0881,0.0852,0.0859
HI-099,2024-12-31,0.0559,0.057,0.0578
HI-099,2025-01-31,0.0336,0.0344,0.0344
HI-100,2025-03-31,0.1215,0.1311,0.1324
HI-100,2025-04-30,0.2039,0.209,0.2109
HI-100,2025-05-31,0.3344,0.3565,0.3562
HI-100,2025-06-30,0.4899,0.5062,0.5002
HI-100,2025-07-31,0.5072,0.5233,0.5194
HI-100,2025-08-31,0.6023,0.6423,0.645
HI-100,2025-09-30,0.7108,0.7615,0.753
HI-100,2025-10-31,0.7344,0.764,0.7682
HI-100,2025-11-30,0.7211,0.7889,0.7762
HI-100,2025-12-31,0.6808,0.7125,0.7026
HI-100,2026-01-31,0.581,0.6356,0.6202
HI-100,2026-02-28,0.6255,0.6799,0.6838
HI-100,2026-03-31,0.5024,0.5224,0.5235
HI-100,2026-04-30,0.4604,0.4802,0.4804
HI-100,2026-05-31,0.3123,0.3271,0.3309
HI-100,2026-06-30,0.2712,0.2849,0.287
HI-100,2026-07-31,0.121,,
HI-101,2024-11-30,0.0916,0.0877,0.0884
HI-101,2024-12-31,0.1428,0.1337,0.1309
HI-101,2025-01-31,0.2347,0.2335,0.2309
HI-101,2025-02-28,0.2363,0.2238,0.2245
HI-101,2025-03-31,0.3474,0.3295,0.3331
HI-101,2025-04-30,0.404,0.3845,0.3869
HI-101,2025-05-31,0.4302,0.4162,0.42
HI-101,2025-06-30,0.4314,0.4112,0.4149
HI-101,2025-07-31,0.4528,0.4318,0.4275
HI-101,2025-08-31,0.5039,0.4934,0.4906
HI-101,2025-09-30,0.4375,0.4298,0.4297
HI-101,2025-10-31,0.4793,0.4558,0.4433
HI-101,2025-11-30,0.4519,0.4458,0.444
HI-101,2025-12-31,0.4313,0.42,0.4166
HI-101,2026-01-31,0.3468,0.3475,0.342
HI-101,2026-02-28,0.3237,0.324,0.3172
HI-101,2026-03-31,0.2282,0.2246,0.2267
HI-101,2026-04-30,0.1794,0.169,0.1695
HI-101,2026-05-31,0.131,0.1246,0.1215
HI-101,2026-06-30,0.0959,0.0924,0.0924
HI-102,2024-03-31,0.115,0.1026,0.1067
HI-102,2024-04-30,0.2316,0.2147,0.2217
HI-102,2024-05-31,0.2406,0.2248,0.2279
HI-102,2024-06-30,0.3324,0.3087,0.3109
HI-102,2024-07-31,0.4051,0.3743,0.3808
HI-102,2024-08-31,0.4663,0.4308,0.4366
HI-102,2024-09-30,0.5029,0.4533,0.4676
HI-102,2024-10-31,0.4913,0.4639,0.4722
HI-102,2024-11-30,0.5479,0.4865,0.4909
HI-102,2024-12-31,0.5696,0.5266,0.5481
HI-102,2025-01-31,0.6452,0.5657,0.576
HI-102,2025-02-28,0.578,0.5132,0.5354
HI-102,2025-03-31,0.612,0.5417,0.5455
HI-102,2025-04-30,0.5258,0.4898,0.5119
HI-102,2025-05-31,0.4619,0.4305,0.4343
HI-102,2025-06-30,0.3818,0.3456,0.3544
HI-102,2025-07-31,0.3281,0.3088,0.3196
HI-102,2025-08-31,0.3169,0.2788,0.2852
HI-102,2025-09-30,0.2013,0.1877,0.1926
HI-102,2025-10-31,0.1162,0.1073,0.112
HI-103,2026-12-31,0.1173,,
HI-103,2027-01-31,0.2068,,
HI-103,2027-02-28,0.2752,,
HI-103,2027-03-31,0.3238,,
HI-103,2027-04-30,0.3658,,
HI-103,2027-05-31,0.4121,,
HI-103,2027-06-30,0.5134,,
HI-103,2027-07-31,0.5522,,
HI-103,2027-08-31,0.5654,,
HI-103,2027-09-30,0.5538,,
HI-103,2027-10-31,0.4286,,
HI-103,2027-11-30,0.3871,,
HI-103,2027-12-31,0.3123,,
HI-103,2028-01-31,0.2729,,
HI-103,2028-02-29,0.213,,
HI-103,2028-03-31,0.1105,,
HI-104,2025-07-31,0.0722,0.0704,0.0653
HI-104,2025-08-31,0.121,0.116,0.1091
HI-104,2025-09-30,0.2132,0.2081,0.1903
HI-104,2025-10-31,0.276,0.2724,0.2583
HI-104,2025-11-30,0.3159,0.2981,0.2828
HI-104,2025-12-31,0.3081,0.2913,0.2689
HI-104,2026-01-31,0.3419,0.3468,0.3287
HI-104,2026-02-28,0.3756,0.3577,0.3356
HI-104,2026-03-31,0.4123,0.4065,0.3766
HI-104,2026-04-30,0.3263,0.326,0.3049
HI-104,2026-05-31,0.3206,0.3064,0.2849
HI-104,2026-06-30,0.2538,0.2521,0.2357
HI-104,2026-07-31,0.2099,,
HI-104,2026-08-31,0.1785,,
HI-104,2026-09-30,0.1473,,
HI-104,2026-10-31,0.0775,,
HI-105,2027-04-30,0.1943,,
HI-105,2027-05-31,0.3341,,
HI-105,2027-06-30,0.3819,,
HI-105,2027-07-31,0.4661,,
HI-105,2027-08-31,0.5527,,
HI-105,2027-09-30,0.7609,,
HI-105,2027-10-31,0.7966,,
HI-105,2027-11-30,0.9636,,
HI-105,2027-12-31,1.0519,,
HI-105,2028-01-31,0.8391,,
HI-105,2028-02-29,0.9242,,
HI-105,2028-03-31,0.9267,,
HI-105,2028-04-30,0.9344,,
HI-105,2028-05-31,0.983,,
HI-105,2028-06-30,0.8369,,
HI-105,2028-07-31,0.6913,,
HI-105,2028-08-31,0.6742,,
HI-105,2028-09-30,0.5124,,
HI-105,2028-10-31,0.436,,
HI-105,2028-11-30,0.2743,,
HI-105,2028-12-31,0.1955,,
HI-106,2025-10-31,0.1579,0.1388,0.1426
HI-106,2025-11-30,0.2166,0.203,0.2055
HI-106,2025-12-31,0.261,0.2417,0.2444
HI-106,2026-01-31,0.3103,0.276,0.2801
HI-106,2026-02-28,0.3756,0.3365,0.3501
HI-106,2026-03-31,0.3529,0.3146,0.3204
HI-106,2026-04-30,0.4742,0.4315,0.4441
HI-106,2026-05-31,0.5016,0.4742,0.4865
HI-106,2026-06-30,0.5542,0.5194,0.5228
HI-106,2026-07-31,0.5463,,
HI-106,2026-08-31,0.525,,
HI-106,2026-09-30,0.7135,,
HI-106,2026-10-31,0.7295,,
HI-106,2026-11-30,0.7912,,
HI-106,2026-12-31,0.7087,,
HI-106,2027-01-31,0.8241,,
HI-106,2027-02-28,0.8414,,
HI-106,2027-03-31,0.7833,,
HI-106,2027-04-30,0.8769,,
HI-106,2027-05-31,0.8648,,
HI-106,2027-06-30,0.6993,,
HI-106,2027-07-31,0.7067,,
HI-106,2027-08-31,0.7683,,
HI-106,2027-09-30,0.7905,,
HI-106,2027-10-31,0.807,,
HI-106,2027-11-30,0.7716,,
HI-106,2027-12-31,0.8222,,
HI-106,2028-01-31,0.7819,,
HI-106,2028-02-29,0.6098,,
HI-106,2028-03-31,0.6323,,
HI-106,2028-04-30,0.707,,
HI-106,2028-05-31,0.6455,,
HI-106,2028-06-30,0.4814,,
HI-106,2028-07-31,0.5445,,
HI-106,2028-08-31,0.4294,,
HI-106,2028-09-30,0.4413,,
HI-106,2028-10-31,0.4552,,
HI-106,2028-11-30,0.306,,
HI-106,2028-12-31,0.3332,,
HI-106,2029-01-31,0.2546,,
HI-106,2029-02-28,0.2373,,
HI-106,2029-03-31,0.176,,
HI-107,2026-01-31,0.0806,0.0805,0.0897
HI-107,2026-02-28,0.1234,0.1169,0.13
HI-107,2026-03-31,0.2162,0.2039,0.2192
HI-107,2026-04-30,0.2548,0.244,0.2652
HI-107,2026-05-31,0.2622,0.2606,0.2864
HI-107,2026-06-30,0.3674,0.3543,0.393
HI-107,2026-07-31,0.3636,,
HI-107,2026-08-31,0.3768,,
HI-107,2026-09-30,0.336,,
HI-107,2026-10-31,0.4246,,
HI-107,2026-11-30,0.3624,,
HI-107,2026-12-31,0.3689,,
HI-107,2027-01-31,0.2568,,
HI-107,2027-02-28,0.261,,
HI-107,2027-03-31,0.1873,,
HI-107,2027-04-30,0.1383,,
HI-107,2027-05-31,0.0797,,
HI-108,2025-11-30,0.1646,0.1481,0.1487
HI-108,2025-12-31,0.2467,0.229,0.2228
HI-108,2026-01-31,0.3405,0.313,0.3065
HI-108,2026-02-28,0.4544,0.4094,0.4022
HI-108,2026-03-31,0.4575,0.4164,0.4072
HI-108,2026-04-30,0.6402,0.607,0.5922
HI-108,2026-05-31,0.5568,0.5006,0.4888
HI-108,2026-06-30,0.5738,0.5277,0.515
HI-108,2026-07-31,0.7672,,
HI-108,2026-08-31,0.6503,,
HI-108,2026-09-30,0.692,,
HI-108,2026-10-31,0.7235,,
HI-108,2026-11-30,0.6178,,
HI-108,2026-12-31,0.6492,,
HI-108,2027-01-31,0.5896,,
HI-108,2027-02-28,0.4881,,
HI-108,2027-03-31,0.5029,,
HI-108,2027-04-30,0.4039,,
HI-108,2027-05-31,0.2923,,
HI-108,2027-06-30,0.2571,,
HI-108,2027-07-31,0.1416,,
HI-109,2025-05-31,0.0921,0.0888,0.0843
HI-109,2025-06-30,0.1825,0.1816,0.1688
HI-109,2025-07-31,0.2583,0.254,0.2388
HI-109,2025-08-31,0.2972,0.2777,0.2609
HI-109,2025-09-30,0.3859,0.3785,0.3521
HI-109,2025-10-31,0.4342,0.4329,0.4021
HI-109,2025-11-30,0.4472,0.4247,0.3991
HI-109,2025-12-31,0.4858,0.4548,0.4376
HI-109,2026-01-31,0.4291,0.4318,0.4151
HI-109,2026-02-28,0.4618,0.4371,0.4191
HI-109,2026-03-31,0.4021,0.385,0.3611
HI-109,2026-04-30,0.3809,0.375,0.3489
HI-109,2026-05-31,0.3213,0.2993,0.2881
HI-109,2026-06-30,0.2044,0.196,0.1876
HI-109,2026-07-31,0.1803,,
HI-109,2026-08-31,0.077,,
HI-110,2025-08-31,0.1523,0.1659,0.1707
HI-110,2025-09-30,0.2268,0.2431,0.2543
HI-110,2025-10-31,0.3554,0.3793,0.3853
HI-110,2025-11-30,0.4077,0.4247,0.4448
HI-110,2025-12-31,0.4708,0.4795,0.4884
HI-110,2026-01-31,0.5256,0.5608,0.5857
HI-110,2026-02-28,0.6573,0.7125,0.7406
HI-110,2026-03-31,0.6738,0.7237,0.7416
HI-110,2026-04-30,0.7224,0.7368,0.7629
HI-110,2026-05-31,0.8843,0.9028,0.9408
HI-110,2026-06-30,0.8535,0.8755,0.8845
HI-110,2026-07-31,0.8067,,
HI-110,2026-08-31,0.6706,,
HI-110,2026-09-30,0.7282,,
HI-110,2026-10-31,0.6507,,
HI-110,2026-11-30,0.543,,
HI-110,2026-12-31,0.4169,,
HI-110,2027-01-31,0.3267,,
HI-110,2027-02-28,0.2521,,
HI-110,2027-03-31,0.1453,,
HI-111,2027-03-31,0.188,,
HI-111,2027-04-30,0.2032,,
HI-111,2027-05-31,0.2944,,
HI-111,2027-06-30,0.3021,,
HI-111,2027-07-31,0.4654,,
HI-111,2027-08-31,0.3961,,
HI-111,2027-09-30,0.5464,,
HI-111,2027-10-31,0.6265,,
HI-111,2027-11-30,0.5774,,
HI-111,2027-12-31,0.5608,,
HI-111,2028-01-31,0.5997,,
HI-111,2028-02-29,0.634,,
HI-111,2028-03-31,0.8166,,
HI-111,2028-04-30,0.7885,,
HI-111,2028-05-31,0.8944,,
HI-111,2028-06-30,0.8434,,
HI-111,2028-07-31,0.8401,,
HI-111,2028-08-31,0.7439,,
HI-111,2028-09-30,0.7439,,
HI-111,2028-10-31,0.9141,,
HI-111,2028-11-30,0.8879,,
HI-111,2028-12-31,0.7445,,
HI-111,2029-01-31,0.7947,,
HI-111,2029-02-28,0.7425,,
HI-111,2029-03-31,0.6141,,
HI-111,2029-04-30,0.5597,,
HI-111,2029-05-31,0.6104,,
HI-111,2029-06-30,0.589,,
HI-111,2029-07-31,0.5306,,
HI-111,2029-08-31,0.3893,,
HI-111,2029-09-30,0.3025,,
HI-111,2029-10-31,0.2718,,
HI-111,2029-11-30,0.1966,,
HI-111,2029-12-31,0.1875,,
HI-112,2026-03-31,0.0306,0.0289,0.0277
HI-112,2026-04-30,0.073,0.0653,0.0634
HI-112,2026-05-31,0.09,0.0846,0.0811
HI-112,2026-06-30,0.1415,0.1349,0.1274
HI-112,2026-07-31,0.1445,,
HI-112,2026-08-31,0.1738,,
HI-112,2026-09-30,0.1672,,
HI-112,2026-10-31,0.1706,,
HI-112,2026-11-30,0.1264,,
HI-112,2026-12-31,0.109,,
HI-112,2027-01-31,0.0933,,
HI-112,2027-02-28,0.0736,,
HI-112,2027-03-31,0.0365,,
HI-113,2027-05-31,0.1166,,
HI-113,2027-06-30,0.1931,,
HI-113,2027-07-31,0.2711,,
HI-113,2027-08-31,0.2785,,
HI-113,2027-09-30,0.4031,,
HI-113,2027-10-31,0.483,,
HI-113,2027-11-30,0.4952,,
HI-113,2027-12-31,0.4629,,
HI-113,2028-01-31,0.6088,,
HI-113,2028-02-29,0.4908,,
HI-113,2028-03-31,0.5173,,
HI-113,2028-04-30,0.6167,,
HI-113,2028-05-31,0.5552,,
HI-113,2028-06-30,0.4885,,
HI-113,2028-07-31,0.5203,,
HI-113,2028-08-31,0.45,,
HI-113,2028-09-30,0.334,,
HI-113,2028-10-31,0.2915,,
HI-113,2028-11-30,0.2752,,
HI-113,2028-12-31,0.2001,,
HI-113,2029-01-31,0.0982,,
HI-114,2024-06-30,0.083,0.091,0.0937
HI-114,2024-07-31,0.1561,0.1739,0.1805
HI-114,2024-08-31,0.1977,0.22,0.2297
HI-114,2024-09-30,0.2308,0.2505,0.2602
HI-114,2024-10-31,0.3077,0.3377,0.3518
HI-114,2024-11-30,0.4031,0.4458,0.4567
HI-114,2024-12-31,0.4137,0.4395,0.4485
HI-114,2025-01-31,0.3709,0.4118,0.4314
HI-114,2025-02-28,0.4547,0.4861,0.4992
HI-114,2025-03-31,0.4262,0.4443,0.4667
HI-114,2025-04-30,0.3627,0.3948,0.4146
HI-114,2025-05-31,0.3318,0.3601,0.3715
HI-114,2025-06-30,0.285,0.3122,0.3268
HI-114,2025-07-31,0.258,0.2847,0.2917
HI-114,2025-08-31,0.1998,0.2147,0.2253
HI-114,2025-09-30,0.1373,0.1475,0.1539
HI-114,2025-10-31,0.0917,0.0986,0.103
HI-115,2024-08-31,0.152,0.1559,0.1643
HI-115,2024-09-30,0.2294,0.2336,0.2479
HI-115,2024-10-31,0.3185,0.3155,0.3334
HI-115,2024-11-30,0.4442,0.4398,0.4686
HI-115,2024-12-31,0.5162,0.5043,0.5374
HI-115,2025-01-31,0.7002,0.7036,0.7338
HI-115,2025-02-28,0.7873,0.7825,0.8481
HI-115,2025-03-31,0.6636,0.6758,0.7065
HI-115,2025-04-30,0.8746,0.8906,0.9552
HI-115,2025-05-31,0.8351,0.8205,0.8694
HI-115,2025-06-30,0.9465,0.9359,0.9973
HI-115,2025-07-31,0.8373,0.8692,0.9151
HI-115,2025-08-31,0.9428,0.9266,0.9715
HI-115,2025-09-30,0.731,0.7465,0.7805
HI-115,2025-10-31,0.8248,0.8364,0.9009
HI-115,2025-11-30,0.755,0.7803,0.8358
HI-115,2025-12-31,0.6899,0.6708,0.7117
HI-115,2026-01-31,0.6441,0.6385,0.6797
HI-115,2026-02-28,0.6005,0.5908,0.6194
HI-115,2026-03-31,0.5369,0.563,0.608
HI-115,2026-04-30,0.4563,0.4469,0.4817
HI-115,2026-05-31,0.3886,0.3797,0.4013
HI-115,2026-06-30,0.2962,0.3116,0.3373
HI-115,2026-07-31,0.1988,,
HI-116,2025-08-31,0.1533,0.1559,0.1638
HI-116,2025-09-30,0.2782,0.2806,0.2975
HI-116,2025-10-31,0.3536,0.3584,0.3817
HI-116,2025-11-30,0.5129,0.5419,0.5633
HI-116,2025-12-31,0.5223,0.5555,0.5812
HI-116,2026-01-31,0.5736,0.6017,0.6348
HI-116,2026-02-28,0.6173,0.6345,0.6656
HI-116,2026-03-31,0.7655,0.8198,0.8755
HI-116,2026-04-30,0.7778,0.837,0.8835
HI-116,2026-05-31,0.8674,0.9352,0.9703
HI-116,2026-06-30,0.6835,0.7433,0.7682
HI-116,2026-07-31,0.8039,,
HI-116,2026-08-31,0.783,,
HI-116,2026-09-30,0.6757,,
HI-116,2026-10-31,0.4889,,
HI-116,2026-11-30,0.4161,,
HI-116,2026-12-31,0.3212,,
HI-116,2027-01-31,0.2492,,
HI-116,2027-02-28,0.1668,,
HI-117,2027-01-31,0.1017,,
HI-117,2027-02-28,0.1934,,
HI-117,2027-03-31,0.2512,,
HI-117,2027-04-30,0.3608,,
HI-117,2027-05-31,0.4435,,
HI-117,2027-06-30,0.3873,,
HI-117,2027-07-31,0.4719,,
HI-117,2027-08-31,0.3845,,
HI-117,2027-09-30,0.4519,,
HI-117,2027-10-31,0.3387,,
HI-117,2027-11-30,0.3486,,
HI-117,2027-12-31,0.2229,,
HI-117,2028-01-31,0.1727,,
HI-117,2028-02-29,0.1009,,
HI-118,2024-01-31,0.0687,0.0594,0.0634
HI-118,2024-02-29,0.1628,0.1377,0.1502
HI-118,2024-03-31,0.2067,0.1744,0.1889
HI-118,2024-04-30,0.2409,0.2093,0.2273
HI-118,2024-05-31,0.3539,0.3127,0.3374
HI-118,2024-06-30,0.3099,0.2781,0.3012
HI-118,2024-07-31,0.3727,0.3376,0.3659
HI-118,2024-08-31,0.4106,0.3713,0.4069
HI-118,2024-09-30,0.3913,0.3492,0.3746
HI-118,2024-10-31,0.3182,0.279,0.2963
HI-118,2024-11-30,0.2433,0.2175,0.2362
HI-118,2024-12-31,0.2085,0.1877,0.1993
HI-118,2025-01-31,0.1338,0.114,0.1238
HI-118,2025-02-28,0.0689,0.0616,0.0654
HI-119,2026-11-30,0.0996,,
HI-119,2026-12-31,0.186,,
HI-119,2027-01-31,0.2612,,
HI-119,2027-02-28,0.3009,,
HI-119,2027-03-31,0.3639,,
HI-119,2027-04-30,0.4291,,
HI-119,2027-05-31,0.4419,,
HI-119,2027-06-30,0.4932,,
HI-119,2027-07-31,0.4909,,
HI-119,2027-08-31,0.5568,,
HI-119,2027-09-30,0.615,,
HI-119,2027-10-31,0.5781,,
HI-119,2027-11-30,0.5335,,
HI-119,2027-12-31,0.4664,,
HI-119,2028-01-31,0.375,,
HI-119,2028-02-29,0.3005,,
HI-119,2028-03-31,0.2485,,
HI-119,2028-04-30,0.2227,,
HI-119,2028-05-31,0.1268,,
HI-120,2025-05-31,0.0694,0.07,0.0712
HI-120,2025-06-30,0.1375,0.1393,0.1409
HI-120,2025-07-31,0.2086,0.2212,0.2252
HI-120,2025-08-31,0.2722,0.2848,0.29
HI-120,2025-09-30,0.2691,0.291,0.2995
HI-120,2025-10-31,0.3514,0.3552,0.3684
HI-120,2025-11-30,0.3529,0.3611,0.3697
HI-120,2025-12-31,0.3153,0.3227,0.3308
HI-120,2026-01-31,0.3016,0.3092,0.3148
HI-120,2026-02-28,0.2629,0.2662,0.2781
HI-120,2026-03-31,0.2518,0.2559,0.2602
HI-120,2026-04-30,0.2216,0.229,0.2313
HI-120,2026-05-31,0.1446,0.1472,0.1505
HI-120,2026-06-30,0.0612,0.0641,0.0658
HI-121,2026-07-31,0.1467,,
HI-121,2026-08-31,0.2567,,
HI-121,2026-09-30,0.3573,,
HI-121,2026-10-31,0.3883,,
HI-121,2026-11-30,0.458,,
HI-121,2026-12-31,0.5896,,
HI-121,2027-01-31,0.6135,,
HI-121,2027-02-28,0.7493,,
HI-121,2027-03-31,0.6153,,
HI-121,2027-04-30,0.7576,,
HI-121,2027-05-31,0.7273,,
HI-121,2027-06-30,0.6961,,
HI-121,2027-07-31,0.8309,,
HI-121,2027-08-31,0.6601,,
HI-121,2027-09-30,0.7408,,
HI-121,2027-10-31,0.6973,,
HI-121,2027-11-30,0.6479,,
HI-121,2027-12-31,0.4396,,
HI-121,2028-01-31,0.3747,,
HI-121,2028-02-29,0.2912,,
HI-121,2028-03-31,0.2306,,
HI-121,2028-04-30,0.1713,,
HI-122,2027-01-31,0.1046,,
HI-122,2027-02-28,0.1601,,
HI-122,2027-03-31,0.2239,,
HI-122,2027-04-30,0.3475,,
HI-122,2027-05-31,0.3983,,
HI-122,2027-06-30,0.3692,,
HI-122,2027-07-31,0.4834,,
HI-122,2027-08-31,0.448,,
HI-122,2027-09-30,0.4706,,
HI-122,2027-10-31,0.4348,,
HI-122,2027-11-30,0.5405,,
HI-122,2027-12-31,0.4284,,
HI-122,2028-01-31,0.3976,,
HI-122,2028-02-29,0.2946,,
HI-122,2028-03-31,0.2444,,
HI-122,2028-04-30,0.1865,,
HI-122,2028-05-31,0.1078,,
HI-123,2027-04-30,0.2202,,
HI-123,2027-05-31,0.3008,,
HI-123,2027-06-30,0.4159,,
HI-123,2027-07-31,0.5532,,
HI-123,2027-08-31,0.6393,,
HI-123,2027-09-30,0.8479,,
HI-123,2027-10-31,0.8204,,
HI-123,2027-11-30,0.8803,,
HI-123,2027-12-31,0.9579,,
HI-123,2028-01-31,0.9972,,
HI-123,2028-02-29,0.9354,,
HI-123,2028-03-31,0.8161,,
HI-123,2028-04-30,0.9796,,
HI-123,2028-05-31,0.7547,,
HI-123,2028-06-30,0.8559,,
HI-123,2028-07-31,0.6268,,
HI-123,2028-08-31,0.528,,
HI-123,2028-09-30,0.4559,,
HI-123,2028-10-31,0.3652,,
HI-123,2028-11-30,0.1892,,
HI-124,2025-12-31,0.1122,0.1176,0.1289
HI-124,2026-01-31,0.1957,0.2055,0.2192
HI-124,2026-02-28,0.2523,0.2663,0.2947
HI-124,2026-03-31,0.3405,0.3668,0.3926
HI-124,2026-04-30,0.486,0.5325,0.5753
HI-124,2026-05-31,0.5524,0.6002,0.6647
HI-124,2026-06-30,0.4908,0.5396,0.5866
HI-124,2026-07-31,0.6255,,
HI-124,2026-08-31,0.4822,,
HI-124,2026-09-30,0.5919,,
HI-124,2026-10-31,0.4544,,
HI-124,2026-11-30,0.4772,,
HI-124,2026-12-31,0.4206,,
HI-124,2027-01-31,0.3565,,
HI-124,2027-02-28,0.3233,,
HI-124,2027-03-31,0.192,,
HI-124,2027-04-30,0.0965,,
HI-125,2025-12-31,0.1898,0.2095,0.2522
HI-125,2026-01-31,0.264,0.2881,0.3401
HI-125,2026-02-28,0.3547,0.3756,0.4422
HI-125,2026-03-31,0.4992,0.529,0.6183
HI-125,2026-04-30,0.6111,0.6651,0.7981
HI-125,2026-05-31,0.6549,0.6962,0.8345
HI-125,2026-06-30,0.654,0.6836,0.8197
HI-125,2026-07-31,0.7156,,
HI-125,2026-08-31,0.6651,,
HI-125,2026-09-30,0.7459,,
HI-125,2026-10-31,0.8923,,
HI-125,2026-11-30,0.8211,,
HI-125,2026-12-31,0.8956,,
HI-125,2027-01-31,0.8198,,
HI-125,2027-02-28,0.7518,,
HI-125,2027-03-31,0.7441,,
HI-125,2027-04-30,0.614,,
HI-125,2027-05-31,0.5642,,
HI-125,2027-06-30,0.4503,,
HI-125,2027-07-31,0.3439,,
HI-125,2027-08-31,0.2845,,
HI-125,2027-09-30,0.1439,,
HI-126,2026-09-30,0.136,,
HI-126,2026-10-31,0.1964,,
HI-126,2026-11-30,0.2885,,
HI-126,2026-12-31,0.3385,,
HI-126,2027-01-31,0.3985,,
HI-126,2027-02-28,0.4275,,
HI-126,2027-03-31,0.4158,,
HI-126,2027-04-30,0.4614,,
HI-126,2027-05-31,0.6067,,
HI-126,2027-06-30,0.5211,,
HI-126,2027-07-31,0.6236,,
HI-126,2027-08-31,0.5347,,
HI-126,2027-09-30,0.6358,,
HI-126,2027-10-31,0.6549,,
HI-126,2027-11-30,0.572,,
HI-126,2027-12-31,0.4479,,
HI-126,2028-01-31,0.5132,,
HI-126,2028-02-29,0.4279,,
HI-126,2028-03-31,0.4179,,
HI-126,2028-04-30,0.2836,,
HI-126,2028-05-31,0.2366,,
HI-126,2028-06-30,0.2104,,
HI-126,2028-07-31,0.1311,,
HI-127,2025-10-31,0.0492,0.0515,0.0502
HI-127,2025-11-30,0.0897,0.0977,0.0983
HI-127,2025-12-31,0.1383,0.1514,0.1469
HI-127,2026-01-31,0.1895,0.2013,0.2002
HI-127,2026-02-28,0.2049,0.2168,0.2117
HI-127,2026-03-31,0.1867,0.2036,0.2016
HI-127,2026-04-30,0.1963,0.1994,0.1961
HI-127,2026-05-31,0.1812,0.1947,0.1903
HI-127,2026-06-30,0.1727,0.1863,0.1821
HI-127,2026-07-31,0.1439,,
HI-127,2026-08-31,0.1269,,
HI-127,2026-09-30,0.0923,,
HI-127,2026-10-31,0.0485,,
HI-128,2025-08-31,0.1572,0.164,0.1646
HI-128,2025-09-30,0.2611,0.2612,0.2584
HI-128,2025-10-31,0.3485,0.372,0.3726
HI-128,2025-11-30,0.5558,0.5871,0.5854
HI-128,2025-12-31,0.5645,0.5705,0.5782
HI-128,2026-01-31,0.7234,0.7346,0.7228
HI-128,2026-02-28,0.8213,0.8602,0.8434
HI-128,2026-03-31,0.7272,0.7685,0.7727
HI-128,2026-04-30,0.681,0.6983,0.6966
HI-128,2026-05-31,0.8057,0.833,0.8164
HI-128,2026-06-30,0.7161,0.7162,0.7099
HI-128,2026-07-31,0.8175,,
HI-128,2026-08-31,0.605,,
HI-128,2026-09-30,0.6323,,
HI-128,2026-10-31,0.4275,,
HI-128,2026-11-30,0.3654,,
HI-128,2026-12-31,0.2531,,
HI-128,2027-01-31,0.1774,,
HI-129,2026-07-31,0.1833,,
HI-129,2026-08-31,0.2888,,
HI-129,2026-09-30,0.4041,,
HI-129,2026-10-31,0.5402,,
HI-129,2026-11-30,0.618,,
HI-129,2026-12-31,0.6351,,
HI-129,2027-01-31,0.847,,
HI-129,2027-02-28,0.9352,,
HI-129,2027-03-31,0.9685,,
HI-129,2027-04-30,1.0323,,
HI-129,2027-05-31,0.9444,,
HI-129,2027-06-30,1.1574,,
HI-129,2027-07-31,1.0968,,
HI-129,2027-08-31,0.9717,,
HI-129,2027-09-30,1.1286,,
HI-129,2027-10-31,1.0909,,
HI-129,2027-11-30,1.0409,,
HI-129,2027-12-31,0.9687,,
HI-129,2028-01-31,0.9974,,
HI-129,2028-02-29,0.9186,,
HI-129,2028-03-31,0.8068,,
HI-129,2028-04-30,0.6126,,
HI-129,2028-05-31,0.5656,,
HI-129,2028-06-30,0.5951,,
HI-129,2028-07-31,0.4088,,
HI-129,2028-08-31,0.3316,,
HI-129,2028-09-30,0.1914,,
HI-130,2024-09-30,0.069,0.0683,0.0677
HI-130,2024-10-31,0.1278,0.1337,0.1354
HI-130,2024-11-30,0.1915,0.1906,0.1888
HI-130,2024-12-31,0.2584,0.2721,0.2734
HI-130,2025-01-31,0.265,0.2676,0.2716
HI-130,2025-02-28,0.2848,0.2958,0.3035
HI-130,2025-03-31,0.2916,0.2894,0.2942
HI-130,2025-04-30,0.3197,0.3267,0.3253
HI-130,2025-05-31,0.3307,0.339,0.3345
HI-130,2025-06-30,0.3699,0.3678,0.3642
HI-130,2025-07-31,0.3027,0.3151,0.3196
HI-130,2025-08-31,0.2826,0.2837,0.2832
HI-130,2025-09-30,0.2424,0.2538,0.2542
HI-130,2025-10-31,0.1516,0.1536,0.1572
HI-130,2025-11-30,0.1139,0.1171,0.118
HI-130,2025-12-31,0.0684,0.0707,0.0699
HI-131,2024-04-30,0.123,0.118,0.1207
HI-131,2024-05-31,0.213,0.2039,0.2151
HI-131,2024-06-30,0.2758,0.2656,0.2722
HI-131,2024-07-31,0.3676,0.3464,0.356
HI-131,2024-08-31,0.3684,0.3537,0.3712
HI-131,2024-09-30,0.4439,0.4288,0.4437
HI-131,2024-10-31,0.4582,0.4378,0.4502
HI-131,2024-11-30,0.4905,0.4809,0.5092
HI-131,2024-12-31,0.5067,0.4623,0.4823
HI-131,2025-01-31,0.5505,0.531,0.5466
HI-131,2025-02-28,0.5609,0.5119,0.5221
HI-131,2025-03-31,0.6217,0.5991,0.6113
HI-131,2025-04-30,0.6164,0.579,0.6097
HI-131,2025-05-31,0.6733,0.6154,0.6457
HI-131,2025-06-30,0.6557,0.6181,0.6404
HI-131,2025-07-31,0.5846,0.5535,0.5726
HI-131,2025-08-31,0.567,0.5531,0.5794
HI-131,2025-09-30,0.4931,0.4633,0.4748
HI-131,2025-10-31,0.4218,0.4,0.4245
HI-131,2025-11-30,0.391,0.3823,0.391
HI-131,2025-12-31,0.342,0.3205,0.3331
HI-131,2026-01-31,0.2998,0.2821,0.289
HI-131,2026-02-28,0.2146,0.1984,0.2067
HI-131,2026-03-31,0.1104,0.1065,0.1118
HI-132,2026-01-31,0.0745,0.0705,0.0824
HI-132,2026-02-28,0.146,0.1396,0.1619
HI-132,2026-03-31,0.1728,0.1666,0.1954
HI-132,2026-04-30,0.237,0.2277,0.2579
HI-132,2026-05-31,0.2893,0.2747,0.3214
HI-132,2026-06-30,0.3114,0.2868,0.3241
HI-132,2026-07-31,0.3405,,
HI-132,2026-08-31,0.3417,,
HI-132,2026-09-30,0.3198,,
HI-132,2026-10-31,0.2595,,
HI-132,2026-11-30,0.2873,,
HI-132,2026-12-31,0.2304,,
HI-132,2027-01-31,0.1436,,
HI-132,2027-02-28,0.0661,,
HI-133,2026-11-30,0.0758,,
HI-133,2026-12-31,0.1325,,
HI-133,2027-01-31,0.1927,,
HI-133,2027-02-28,0.2943,,
HI-133,2027-03-31,0.3335,,
HI-133,2027-04-30,0.393,,
HI-133,2027-05-31,0.4083,,
HI-133,2027-06-30,0.4062,,
HI-133,2027-07-31,0.4743,,
HI-133,2027-08-31,0.3935,,
HI-133,2027-09-30,0.407,,
HI-133,2027-10-31,0.3913,,
HI-133,2027-11-30,0.3873,,
HI-133,2027-12-31,0.3492,,
HI-133,2028-01-31,0.2777,,
HI-133,2028-02-29,0.2212,,
HI-133,2028-03-31,0.1421,,
HI-133,2028-04-30,0.0901,,
HI-134,2025-10-31,0.1109,0.1038,0.1141
HI-134,2025-11-30,0.1712,0.1636,0.1802
HI-134,2025-12-31,0.2643,0.2493,0.2662
HI-134,2026-01-31,0.3129,0.3046,0.3344
HI-134,2026-02-28,0.3728,0.3472,0.3804
HI-134,2026-03-31,0.435,0.4192,0.46
HI-134,2026-04-30,0.4107,0.4071,0.4383
HI-134,2026-05-31,0.4456,0.4415,0.4707
HI-134,2026-06-30,0.4521,0.4307,0.4641
HI-134,2026-07-31,0.5061,,
HI-134,2026-08-31,0.5119,,
HI-134,2026-09-30,0.4891,,
HI-134,2026-10-31,0.3845,,
HI-134,2026-11-30,0.3528,,
HI-134,2026-12-31,0.279,,
HI-134,2027-01-31,0.2571,,
HI-134,2027-02-28,0.1702,,
HI-134,2027-03-31,0.0937,,
HI-135,2027-02-28,0.238,,
HI-135,2027-03-31,0.3603,,
HI-135,2027-04-30,0.5005,,
HI-135,2027-05-31,0.4998,,
HI-135,2027-06-30,0.6605,,
HI-135,2027-07-31,0.7638,,
HI-135,2027-08-31,0.7696,,
HI-135,2027-09-30,0.9689,,
HI-135,2027-10-31,0.9304,,
HI-135,2027-11-30,1.0958,,
HI-135,2027-12-31,1.157,,
HI-135,2028-01-31,1.2716,,
HI-135,2028-02-29,1.3842,,
HI-135,2028-03-31,1.4163,,
HI-135,2028-04-30,1.2776,,
HI-135,2028-05-31,1.1957,,
HI-135,2028-06-30,1.1878,,
HI-135,2028-07-31,1.3865,,
HI-135,2028-08-31,1.3538,,
HI-135,2028-09-30,1.3325,,
HI-135,2028-10-31,1.3017,,
HI-135,2028-11-30,1.1547,,
HI-135,2028-12-31,1.2009,,
HI-135,2029-01-31,1.0523,,
HI-135,2029-02-28,0.9659,,
HI-135,2029-03-31,0.9323,,
HI-135,2029-04-30,0.7926,,
HI-135,2029-05-31,0.7177,,
HI-135,2029-06-30,0.6394,,
HI-135,2029-07-31,0.4507,,
HI-135,2029-08-31,0.3893,,
HI-135,2029-09-30,0.2422,,
HI-136,2026-10-31,0.0463,,
HI-136,2026-11-30,0.1011,,
HI-136,2026-12-31,0.1517,,
HI-136,2027-01-31,0.1924,,
HI-136,2027-02-28,0.2148,,
HI-136,2027-03-31,0.2432,,
HI-136,2027-04-30,0.2575,,
HI-136,2027-05-31,0.2385,,
HI-136,2027-06-30,0.2032,,
HI-136,2027-07-31,0.1705,,
HI-136,2027-08-31,0.1829,,
HI-136,2027-09-30,0.1432,,
HI-136,2027-10-31,0.0972,,
HI-136,2027-11-30,0.0476,,
HI-137,2025-05-31,0.1288,0.1235,0.1259
HI-137,2025-06-30,0.2173,0.2034,0.21
HI-137,2025-07-31,0.2854,0.2633,0.2689
HI-137,2025-08-31,0.3741,0.3528,0.359
HI-137,2025-09-30,0.39,0.3554,0.3705
HI-137,2025-10-31,0.4899,0.4456,0.466
HI-137,2025-11-30,0.5555,0.5354,0.5479
HI-137,2025-12-31,0.5853,0.5649,0.5692
HI-137,2026-01-31,0.5562,0.5243,0.5346
HI-137,2026-02-28,0.5446,0.5027,0.5237
HI-137,2026-03-31,0.6417,0.5796,0.6031
HI-137,2026-04-30,0.5301,0.4805,0.4963
HI-137,2026-05-31,0.6241,0.5754,0.5908
HI-137,2026-06-30,0.4838,0.4693,0.487
HI-137,2026-07-31,0.5245,,
HI-137,2026-08-31,0.4067,,
HI-137,2026-09-30,0.4001,,
HI-137,2026-10-31,0.2594,,
HI-137,2026-11-30,0.183,,
HI-137,2026-12-31,0.1294,,
HI-138,2026-06-30,0.0629,0.0606,0.0654
HI-138,2026-07-31,0.1199,,
HI-138,2026-08-31,0.1804,,
HI-138,2026-09-30,0.2455,,
HI-138,2026-10-31,0.2332,,
HI-138,2026-11-30,0.3432,,
HI-138,2026-12-31,0.3703,,
HI-138,2027-01-31,0.4004,,
HI-138,2027-02-28,0.3257,,
HI-138,2027-03-31,0.3219,,
HI-138,2027-04-30,0.3694,,
HI-138,2027-05-31,0.3108,,
HI-138,2027-06-30,0.2529,,
HI-138,2027-07-31,0.1971,,
HI-138,2027-08-31,0.1656,,
HI-138,2027-09-30,0.134,,
HI-138,2027-10-31,0.0765,,
HI-139,2027-05-31,0.098,,
HI-139,2027-06-30,0.1923,,
HI-139,2027-07-31,0.2706,,
HI-139,2027-08-31,0.3466,,
HI-139,2027-09-30,0.4017,,
HI-139,2027-10-31,0.5084,,
HI-139,2027-11-30,0.4771,,
HI-139,2027-12-31,0.4466,,
HI-139,2028-01-31,0.4542,,
HI-139,2028-02-29,0.473,,
HI-139,2028-03-31,0.3718,,
HI-139,2028-04-30,0.2463,,
HI-139,2028-05-31,0.1866,,
HI-139,2028-06-30,0.0968,,
HI-140,2026-12-31,0.1341,,
HI-140,2027-01-31,0.3101,,
HI-140,2027-02-28,0.4318,,
HI-140,2027-03-31,0.4293,,
HI-140,2027-04-30,0.5892,,
HI-140,2027-05-31,0.6212,,
HI-140,2027-06-30,0.657,,
HI-140,2027-07-31,0.7095,,
HI-140,2027-08-31,0.6776,,
HI-140,2027-09-30,0.8266,,
HI-140,2027-10-31,0.7306,,
HI-140,2027-11-30,0.7623,,
HI-140,2027-12-31,0.7205,,
HI-140,2028-01-31,0.5928,,
HI-140,2028-02-29,0.4648,,
HI-140,2028-03-31,0.3424,,
HI-140,2028-04-30,0.2848,,
HI-140,2028-05-31,0.1652,,
HI-141,2025-10-31,0.0862,0.0786,0.0848
HI-141,2025-11-30,0.1386,0.1199,0.1304
HI-141,2025-12-31,0.1962,0.1739,0.1872
HI-141,2026-01-31,0.3232,0.2874,0.3032
HI-141,2026-02-28,0.3519,0.3177,0.341
HI-141,2026-03-31,0.3308,0.2839,0.3015
HI-141,2026-04-30,0.4197,0.358,0.381
HI-141,2026-05-31,0.3424,0.3124,0.3318
HI-141,2026-06-30,0.3915,0.3409,0.3682
HI-141,2026-07-31,0.3466,,
HI-141,2026-08-31,0.3089,,
HI-141,2026-09-30,0.1995,,
HI-141,2026-10-31,0.1746,,
HI-141,2026-11-30,0.0899,,
